"customerid","lifetime_spend","total_orders","avg_order_value","days_since_purchase","unique_products_bought","active_months","first_purchase","last_purchase"
14646,"160824.60",64,"2512.88",2,"602","13","2010-12-20 10:09:00","2011-12-07 15:19:00"
14911,"134790.90",201,"670.60",1,"1785","13","2010-12-01 14:05:00","2011-12-08 15:54:00"
18102,"75612.82",45,"1680.28",1,"129","10","2010-12-07 16:42:00","2011-12-08 18:43:00"
17511,"73107.24",30,"2436.91",3,"394","13","2010-12-01 10:19:00","2011-12-07 10:12:00"
14156,"72963.09",54,"1351.17",10,"685","12","2010-12-03 11:48:00","2011-11-30 10:54:00"
12415,"67354.37",16,"4209.65",25,"342","11","2011-01-06 11:12:00","2011-11-15 10:32:00"
14096,"65164.79",17,"3833.22",4,"1119","5","2011-08-30 10:49:00","2011-12-05 17:17:00"
15311,"56591.06",91,"621.88",1,"567","13","2010-12-01 09:41:00","2011-12-09 12:00:00"
13089,"55953.91",96,"582.85",3,"633","13","2010-12-05 10:27:00","2011-12-07 09:02:00"
14088,"50491.81",13,"3883.99",10,"379","6","2011-01-21 13:07:00","2011-11-29 16:16:00"
14298,"47357.23",42,"1127.55",8,"869","13","2010-12-14 12:59:00","2011-12-01 13:12:00"
17841,"40913.17",124,"329.94",2,"1322","13","2010-12-01 14:41:00","2011-12-08 12:07:00"
13694,"40786.66",48,"849.72",4,"288","13","2010-12-01 12:12:00","2011-12-06 09:32:00"
15061,"37154.58",47,"790.52",4,"60","13","2010-12-02 15:19:00","2011-12-06 12:06:00"
13798,"31591.87",55,"574.40",1,"102","13","2010-12-10 15:31:00","2011-12-08 15:51:00"
12748,"31320.93",209,"149.86",1,"1762","13","2010-12-01 12:48:00","2011-12-09 12:20:00"
13081,"28246.66",11,"2567.88",12,"502","7","2010-12-03 17:20:00","2011-11-28 10:54:00"
13098,"27245.40",28,"973.05",1,"156","12","2011-01-26 13:46:00","2011-12-08 14:14:00"
13408,"26632.08",62,"429.55",2,"228","13","2010-12-01 10:39:00","2011-12-08 09:05:00"
17450,"26157.08",32,"817.41",8,"94","12","2010-12-07 09:23:00","2011-12-01 13:29:00"
17389,"25930.18",33,"785.76",1,"45","11","2011-01-12 15:48:00","2011-12-09 09:38:00"
14680,"25633.61",16,"1602.10",25,"73","11","2010-12-03 12:05:00","2011-11-14 16:59:00"
16422,"25042.12",50,"500.84",17,"59","12","2010-12-05 15:35:00","2011-11-22 14:00:00"
16684,"23716.30",17,"1395.08",4,"76","9","2010-12-16 17:34:00","2011-12-05 14:06:00"
12753,"20649.87",6,"3441.64",23,"130","6","2010-12-12 11:44:00","2011-11-17 10:52:00"
17675,"20374.28",31,"657.23",1,"239","13","2010-12-07 13:22:00","2011-12-08 18:03:00"
12471,"19824.05",30,"660.80",2,"150","12","2010-12-10 09:35:00","2011-12-07 15:43:00"
15039,"19511.24",47,"415.13",10,"408","12","2010-12-06 11:26:00","2011-11-30 11:31:00"
15159,"18641.01",30,"621.37",2,"363","12","2010-12-13 15:44:00","2011-12-08 12:05:00"
16013,"17660.62",33,"535.17",4,"25","13","2010-12-03 13:09:00","2011-12-06 10:36:00"
12731,"17307.45",12,"1442.29",24,"107","10","2010-12-10 10:56:00","2011-11-16 11:59:00"
15838,"16992.88",19,"894.36",11,"50","10","2010-12-07 11:26:00","2011-11-28 14:00:00"
12921,"16587.09",37,"448.30",9,"233","11","2010-12-01 15:06:00","2011-11-30 16:22:00"
17677,"16363.23",30,"545.44",2,"178","13","2010-12-06 08:42:00","2011-12-08 09:56:00"
17428,"16304.29",28,"582.30",1,"250","13","2010-12-06 09:37:00","2011-12-09 09:45:00"
15189,"15719.95",41,"383.41",1,"80","12","2011-01-11 12:29:00","2011-12-08 13:22:00"
14051,"15610.39",23,"678.71",1,"52","13","2010-12-08 12:49:00","2011-12-09 10:20:00"
16839,"15537.39",34,"456.98",9,"113","12","2010-12-05 11:15:00","2011-12-01 09:03:00"
15856,"15531.41",27,"575.24",4,"295","11","2010-12-09 13:34:00","2011-12-05 17:09:00"
13767,"15389.96",37,"415.94",2,"55","12","2010-12-01 10:47:00","2011-12-07 15:00:00"
15513,"14215.18",18,"789.73",33,"180","10","2010-12-01 11:22:00","2011-11-06 14:36:00"
12681,"13787.54",22,"626.71",15,"267","10","2010-12-07 10:08:00","2011-11-25 11:33:00"
16705,"13601.55",20,"680.08",1,"131","9","2010-12-16 10:51:00","2011-12-09 12:08:00"
12540,"13400.24",17,"788.25",20,"277","11","2010-12-13 09:39:00","2011-11-20 11:31:00"
15498,"13316.40",27,"493.20",3,"360","11","2010-12-08 12:29:00","2011-12-07 12:48:00"
12477,"13219.74",6,"2203.29",23,"191","5","2011-02-11 12:45:00","2011-11-17 09:51:00"
17735,"13110.02",19,"690.00",2,"319","13","2010-12-07 10:32:00","2011-12-07 16:47:00"
12621,"13109.47",20,"655.47",2,"260","12","2010-12-09 10:16:00","2011-12-08 11:25:00"
12433,"12856.51",7,"1836.64",1,"219","5","2010-12-01 13:24:00","2011-12-09 10:02:00"
16133,"12712.24",33,"385.22",4,"215","11","2011-01-25 15:55:00","2011-12-06 11:24:00"
13777,"12627.52",29,"435.43",1,"36","13","2010-12-01 16:01:00","2011-12-09 12:25:00"
17340,"12336.01",11,"1121.46",30,"228","7","2010-12-08 15:56:00","2011-11-10 10:45:00"
14031,"12308.78",17,"724.05",7,"118","11","2010-12-02 16:34:00","2011-12-02 17:13:00"
13881,"12198.88",19,"642.05",4,"69","11","2011-02-01 10:14:00","2011-12-06 12:50:00"
14606,"12156.65",93,"130.72",1,"819","13","2010-12-01 16:57:00","2011-12-08 19:28:00"
15640,"12051.66",15,"803.44",4,"239","10","2010-12-02 15:40:00","2011-12-05 14:35:00"
12682,"11901.58",31,"383.92",4,"209","13","2010-12-03 13:59:00","2011-12-06 10:00:00"
13078,"11515.94",26,"442.92",3,"94","13","2010-12-08 09:07:00","2011-12-06 15:36:00"
14194,"11349.52",21,"540.45",5,"269","10","2011-02-04 14:51:00","2011-12-05 10:38:00"
14258,"11206.22",9,"1245.14",9,"55","8","2011-01-06 12:18:00","2011-11-30 15:27:00"
14895,"11073.91",20,"553.70",8,"273","10","2011-02-22 13:08:00","2011-12-02 09:23:00"
17581,"11045.04",25,"441.80",1,"229","10","2010-12-02 14:47:00","2011-12-09 12:21:00"
15125,"10888.64",15,"725.91",25,"99","8","2011-03-14 09:59:00","2011-11-14 13:57:00"
13319,"10845.55",26,"417.14",5,"209","13","2010-12-09 10:04:00","2011-12-04 13:34:00"
17404,"10725.06",12,"893.76",4,"59","10","2010-12-17 10:54:00","2011-12-05 16:26:00"
17139,"10668.47",12,"889.04",16,"309","8","2011-02-24 09:32:00","2011-11-24 10:12:00"
16779,"10629.72",22,"483.17",2,"161","12","2010-12-08 09:56:00","2011-12-07 14:54:00"
13113,"10545.96",24,"439.41",1,"95","11","2010-12-08 13:21:00","2011-12-09 12:49:00"
17865,"10526.32",20,"526.32",31,"191","11","2010-12-10 14:53:00","2011-11-09 12:08:00"
14769,"10509.75",8,"1313.72",3,"718","8","2010-12-17 11:40:00","2011-12-07 10:24:00"
17706,"10504.49",17,"617.91",4,"270","7","2010-12-08 11:02:00","2011-12-05 13:34:00"
17107,"10453.51",6,"1742.25",33,"268","5","2011-03-06 15:17:00","2011-11-06 14:14:00"
16525,"10429.45",26,"401.13",2,"66","12","2010-12-08 11:31:00","2011-12-07 15:07:00"
15615,"10399.74",23,"452.16",10,"184","10","2010-12-15 16:21:00","2011-11-29 14:42:00"
12971,"10347.59",86,"120.32",4,"93","13","2010-12-02 16:42:00","2011-12-06 12:20:00"
14062,"10139.65",12,"844.97",10,"57","8","2010-12-10 15:56:00","2011-11-30 10:04:00"
14607,"9756.54",12,"813.05",16,"31","3","2011-03-23 15:22:00","2011-11-24 10:35:00"
15078,"9743.11",32,"304.47",7,"97","13","2010-12-06 12:38:00","2011-12-02 15:41:00"
12709,"9736.52",15,"649.10",15,"93","10","2010-12-08 09:49:00","2011-11-24 15:38:00"
13458,"9646.57",14,"689.04",7,"242","11","2010-12-15 12:05:00","2011-12-02 15:29:00"
15482,"9590.56",12,"799.21",16,"44","5","2010-12-16 10:08:00","2011-11-24 10:46:00"
14733,"9585.91",12,"798.83",16,"102","9","2010-12-07 11:30:00","2011-11-23 15:39:00"
15502,"9508.93",12,"792.41",16,"162","6","2010-12-05 15:40:00","2011-11-24 12:48:00"
16523,"9418.47",21,"448.50",2,"151","11","2011-01-28 12:06:00","2011-12-08 09:06:00"
14866,"9407.98",11,"855.27",11,"30","5","2011-07-21 14:14:00","2011-11-29 11:45:00"
12567,"9401.28",10,"940.13",23,"323","7","2010-12-05 11:57:00","2011-11-17 11:02:00"
14367,"9261.52",16,"578.85",8,"270","9","2011-03-08 14:12:00","2011-12-01 13:19:00"
14667,"9180.72",25,"367.23",11,"354","11","2010-12-06 13:13:00","2011-11-29 11:30:00"
15251,"9152.19",10,"915.22",9,"87","8","2011-04-12 10:38:00","2011-11-30 15:02:00"
13969,"9053.94",18,"503.00",7,"334","11","2010-12-09 19:32:00","2011-12-02 15:11:00"
12451,"9035.52",5,"1807.10",11,"265","4","2011-01-19 09:05:00","2011-11-29 08:40:00"
13488,"8968.31",13,"689.87",17,"271","10","2010-12-07 13:01:00","2011-11-22 14:41:00"
17949,"8961.87",16,"560.12",8,"17","7","2010-12-03 13:12:00","2011-12-02 11:43:00"
13090,"8910.82",14,"636.49",9,"98","10","2010-12-02 07:48:00","2011-12-01 12:39:00"
16033,"8816.40",20,"440.82",6,"538","13","2010-12-05 10:36:00","2011-12-04 12:44:00"
13001,"8726.70",13,"671.28",4,"165","9","2011-01-17 12:45:00","2011-12-05 14:51:00"
17243,"8676.85",26,"333.72",1,"180","12","2010-12-05 10:03:00","2011-12-08 13:26:00"
17017,"8546.90",20,"427.35",3,"87","10","2010-12-02 10:17:00","2011-12-07 09:32:00"
14527,"8508.82",55,"154.71",3,"330","13","2010-12-05 13:17:00","2011-12-07 12:19:00"
12683,"8476.57",15,"565.10",4,"177","9","2010-12-09 10:37:00","2011-12-05 16:31:00"
16558,"8338.49",20,"416.92",1,"264","13","2010-12-08 12:01:00","2011-12-09 10:20:00"
14056,"8214.65",23,"357.16",1,"320","11","2011-02-28 15:19:00","2011-12-08 13:36:00"
15358,"8166.24",22,"371.19",5,"291","13","2010-12-09 10:04:00","2011-12-05 09:04:00"
16672,"8134.94",20,"406.75",2,"22","9","2011-03-18 10:15:00","2011-12-07 16:29:00"
13854,"8109.52",25,"324.38",9,"39","12","2010-12-09 10:48:00","2011-12-01 09:06:00"
14796,"8022.49",17,"471.91",1,"403","13","2010-12-08 10:40:00","2011-12-08 15:31:00"
12428,"7956.46",9,"884.05",26,"258","5","2011-03-01 09:33:00","2011-11-14 08:22:00"
12757,"7857.10",13,"604.39",16,"237","5","2011-05-12 19:01:00","2011-11-24 12:30:00"
14849,"7851.34",25,"314.05",22,"158","11","2010-12-01 12:22:00","2011-11-18 10:58:00"
17811,"7837.73",39,"200.97",4,"359","12","2011-01-10 10:58:00","2011-12-05 13:46:00"
15290,"7793.46",18,"432.97",5,"92","12","2010-12-15 16:03:00","2011-12-05 11:39:00"
18092,"7778.26",11,"707.11",2,"27","8","2010-12-09 10:00:00","2011-12-07 13:14:00"
15044,"7700.23",17,"452.95",19,"233","11","2010-12-12 14:27:00","2011-11-20 13:20:00"
13263,"7454.07",35,"212.97",1,"450","11","2011-01-18 16:31:00","2011-12-08 13:59:00"
13199,"7419.04",36,"206.08",4,"47","13","2010-12-08 10:51:00","2011-12-06 12:30:00"
15194,"7384.53",15,"492.30",3,"209","10","2010-12-06 15:00:00","2011-12-06 15:10:00"
12474,"7375.79",18,"409.77",17,"253","9","2011-01-14 10:06:00","2011-11-22 14:39:00"
15465,"7354.62",18,"408.59",20,"43","10","2010-12-05 10:12:00","2011-11-20 10:11:00"
13018,"7277.70",28,"259.92",16,"313","10","2011-02-17 11:05:00","2011-11-23 13:28:00"
18229,"7276.90",20,"363.85",12,"66","12","2010-12-01 16:25:00","2011-11-28 09:48:00"
18109,"7184.65",26,"276.33",2,"119","13","2010-12-05 10:58:00","2011-12-08 11:36:00"
16923,"7172.73",19,"377.51",12,"313","10","2010-12-12 11:06:00","2011-11-27 13:00:00"
12583,"7130.18",15,"475.35",3,"113","12","2010-12-01 08:45:00","2011-12-07 08:07:00"
15769,"7122.72",16,"445.17",7,"21","11","2010-12-03 15:16:00","2011-12-02 13:52:00"
13985,"7060.13",15,"470.68",4,"108","9","2011-03-20 13:48:00","2011-12-05 17:06:00"
14961,"7044.68",9,"782.74",11,"193","6","2010-12-14 11:38:00","2011-11-29 09:42:00"
16873,"7030.02",6,"1171.67",5,"178","6","2010-12-10 15:45:00","2011-12-05 12:05:00"
12766,"6989.63",7,"998.52",4,"205","7","2010-12-08 13:53:00","2011-12-06 08:46:00"
16187,"6911.44",15,"460.76",32,"160","8","2011-02-28 13:34:00","2011-11-08 09:50:00"
17416,"6893.42",7,"984.77",30,"186","6","2011-03-03 13:45:00","2011-11-10 12:47:00"
12705,"6868.29",9,"763.14",15,"228","7","2010-12-17 15:58:00","2011-11-24 13:17:00"
12476,"6816.42",11,"619.67",16,"177","9","2010-12-13 14:39:00","2011-11-24 12:40:00"
15023,"6802.76",11,"618.43",3,"347","9","2010-12-05 13:49:00","2011-12-06 17:23:00"
18055,"6784.19",10,"678.42",7,"223","7","2010-12-05 10:52:00","2011-12-02 14:25:00"
15601,"6776.56",14,"484.04",11,"230","10","2010-12-02 10:39:00","2011-11-28 15:15:00"
13576,"6717.34",18,"373.19",10,"78","12","2010-12-01 17:24:00","2011-11-29 15:34:00"
15249,"6688.46",13,"514.50",32,"211","8","2011-03-28 12:49:00","2011-11-08 11:45:00"
16353,"6675.71",23,"290.25",4,"51","11","2010-12-05 12:09:00","2011-12-06 12:23:00"
17338,"6643.93",8,"830.49",17,"389","8","2010-12-13 12:57:00","2011-11-22 14:23:00"
12626,"6620.48",9,"735.61",23,"232","6","2011-01-17 11:01:00","2011-11-16 16:06:00"
16713,"6610.17",15,"440.68",19,"338","10","2010-12-08 13:01:00","2011-11-21 12:36:00"
16746,"6593.98",18,"366.33",5,"234","11","2010-12-16 11:43:00","2011-12-05 12:33:00"
15144,"6580.44",17,"387.08",8,"132","9","2011-01-31 13:17:00","2011-12-01 15:12:00"
12472,"6572.11",7,"938.87",32,"219","7","2010-12-05 14:19:00","2011-11-07 14:01:00"
16814,"6509.10",21,"309.96",14,"122","12","2010-12-05 11:45:00","2011-11-25 13:27:00"
18223,"6484.54",14,"463.18",5,"116","10","2010-12-16 16:42:00","2011-12-05 09:11:00"
13871,"6403.25",13,"492.56",23,"155","10","2011-02-04 09:30:00","2011-11-17 10:49:00"
15694,"6341.16",14,"452.94",1,"42","9","2010-12-02 07:49:00","2011-12-09 09:44:00"
13709,"6328.05",13,"486.77",4,"244","6","2011-01-28 14:57:00","2011-12-06 10:28:00"
15005,"6316.57",28,"225.59",16,"360","12","2010-12-08 14:36:00","2011-11-24 12:25:00"
16126,"6287.77",4,"1571.94",29,"57","4","2011-02-16 11:18:00","2011-11-10 16:03:00"
13102,"6166.33",24,"256.93",1,"140","12","2010-12-09 13:38:00","2011-12-08 12:52:00"
13668,"6160.07",21,"293.34",3,"284","12","2010-12-12 12:35:00","2011-12-07 12:11:00"
17315,"6136.74",38,"161.49",2,"256","13","2010-12-17 12:24:00","2011-12-08 12:15:00"
13418,"6127.43",18,"340.41",12,"223","9","2010-12-02 10:45:00","2011-11-28 10:23:00"
16210,"6113.18",18,"339.62",2,"71","9","2010-12-01 12:27:00","2011-12-08 12:36:00"
14735,"6065.69",32,"189.55",4,"99","12","2010-12-16 16:05:00","2011-12-06 12:09:00"
13097,"6010.42",10,"601.04",33,"214","9","2010-12-14 15:13:00","2011-11-07 10:43:00"
18139,"5948.34",6,"991.39",18,"33","1","2011-11-21 14:06:00","2011-11-22 10:44:00"
18172,"5929.68",17,"348.80",15,"100","8","2011-02-23 10:44:00","2011-11-25 11:12:00"
15382,"5913.95",6,"985.66",15,"193","5","2011-02-17 12:01:00","2011-11-25 10:58:00"
14505,"5905.64",8,"738.20",17,"540","6","2010-12-12 16:14:00","2011-11-22 15:45:00"
14415,"5900.28",13,"453.87",1,"283","12","2010-12-14 13:31:00","2011-12-08 14:38:00"
14944,"5900.25",12,"491.69",30,"101","6","2011-02-16 12:47:00","2011-11-10 09:10:00"
14060,"5895.62",19,"310.30",5,"84","13","2010-12-02 12:11:00","2011-12-05 12:29:00"
13209,"5891.61",8,"736.45",30,"255","6","2010-12-13 10:31:00","2011-11-09 13:54:00"
13534,"5870.08",25,"234.80",2,"119","12","2010-12-16 15:23:00","2011-12-07 14:52:00"
13050,"5836.86",17,"343.34",15,"246","10","2010-12-08 09:30:00","2011-11-25 09:18:00"
14057,"5831.32",16,"364.46",24,"179","11","2010-12-14 12:11:00","2011-11-16 10:32:00"
17686,"5739.46",7,"819.92",7,"205","5","2011-02-10 10:18:00","2011-12-02 15:39:00"
12720,"5725.57",25,"229.02",3,"211","13","2010-12-05 15:21:00","2011-12-07 08:03:00"
13178,"5725.47",11,"520.50",26,"95","8","2010-12-14 12:22:00","2011-11-13 16:14:00"
13629,"5715.36",11,"519.58",23,"27","9","2011-01-05 12:09:00","2011-11-16 13:21:00"
13468,"5704.97",37,"154.19",2,"184","13","2010-12-01 15:08:00","2011-12-08 10:39:00"
14110,"5683.15",12,"473.60",4,"94","9","2011-03-18 09:59:00","2011-12-06 12:26:00"
14049,"5681.72",4,"1420.43",17,"348","4","2011-01-26 11:27:00","2011-11-23 12:20:00"
17049,"5659.98",9,"628.89",3,"201","8","2011-03-09 08:33:00","2011-12-07 10:48:00"
17716,"5655.99",11,"514.18",23,"171","6","2011-03-17 10:38:00","2011-11-17 12:00:00"
13004,"5655.91",18,"314.22",12,"277","11","2010-12-17 08:20:00","2011-11-28 11:27:00"
18118,"5653.82",26,"217.45",11,"424","11","2010-12-05 12:13:00","2011-11-29 11:32:00"
14688,"5630.87",21,"268.14",8,"148","12","2010-12-01 09:37:00","2011-12-02 12:26:00"
12481,"5596.32",10,"559.63",23,"150","7","2010-12-09 10:13:00","2011-11-17 08:29:00"
12839,"5591.42",14,"399.39",3,"95","10","2010-12-07 15:48:00","2011-12-07 12:33:00"
16161,"5575.56",19,"293.45",2,"286","11","2010-12-06 10:03:00","2011-12-08 12:10:00"
12539,"5568.35",4,"1392.09",22,"157","3","2011-01-10 09:11:00","2011-11-17 13:30:00"
15805,"5528.48",17,"325.20",23,"220","8","2010-12-10 09:33:00","2011-11-16 16:32:00"
18225,"5509.12",12,"459.09",3,"150","10","2010-12-09 15:46:00","2011-12-06 13:27:00"
16609,"5493.46",7,"784.78",15,"155","5","2011-04-01 10:11:00","2011-11-24 13:32:00"
16767,"5492.28",11,"499.30",31,"147","8","2011-01-27 13:38:00","2011-11-09 09:42:00"
16985,"5464.12",10,"546.41",17,"62","7","2010-12-16 10:38:00","2011-11-22 13:33:00"
16265,"5447.00",9,"605.22",9,"164","7","2010-12-10 10:21:00","2011-11-30 16:41:00"
12490,"5417.93",10,"541.79",5,"131","8","2011-01-14 09:13:00","2011-12-04 16:07:00"
16303,"5360.63",3,"1786.88",26,"119","3","2011-01-10 14:16:00","2011-11-14 10:49:00"
17757,"5353.29",30,"178.44",1,"275","13","2010-12-02 17:17:00","2011-12-08 15:31:00"
13269,"5346.23",15,"356.42",1,"177","10","2010-12-05 11:51:00","2011-12-08 14:53:00"
15150,"5314.47",10,"531.45",17,"282","6","2011-03-15 14:21:00","2011-11-22 12:52:00"
17730,"5298.48",13,"407.58",3,"127","10","2011-01-17 14:49:00","2011-12-06 15:43:00"
17809,"5259.27",12,"438.27",16,"46","8","2010-12-01 09:41:00","2011-11-23 12:59:00"
12362,"5226.23",10,"522.62",3,"201","8","2011-02-17 10:30:00","2011-12-06 15:40:00"
15727,"5178.96",7,"739.85",17,"213","7","2010-12-15 15:47:00","2011-11-23 12:36:00"
13599,"5153.67",21,"245.41",1,"171","9","2010-12-08 10:11:00","2011-12-08 16:10:00"
15903,"5126.76",7,"732.39",10,"46","4","2011-02-17 14:04:00","2011-11-30 08:08:00"
17602,"5102.97",6,"850.49",2,"335","6","2011-01-19 16:18:00","2011-12-07 13:53:00"
16700,"5076.55",13,"390.50",9,"159","12","2010-12-08 16:34:00","2011-12-01 11:00:00"
14562,"5074.77",18,"281.93",4,"187","9","2011-02-08 14:45:00","2011-12-06 11:05:00"
13139,"5064.94",7,"723.56",16,"132","5","2011-03-25 11:57:00","2011-11-23 13:54:00"
15719,"5045.61",13,"388.12",33,"299","11","2011-01-06 12:31:00","2011-11-07 12:29:00"
16701,"5044.06",13,"388.00",9,"95","10","2010-12-13 11:51:00","2011-12-01 11:10:00"
17426,"5037.26",6,"839.54",8,"179","4","2011-03-02 16:34:00","2011-12-01 18:07:00"
14755,"5010.28",11,"455.48",10,"128","10","2011-01-09 14:02:00","2011-11-30 11:24:00"
12444,"5005.46",5,"1001.09",21,"138","5","2011-06-21 14:00:00","2011-11-18 13:23:00"
14329,"4954.36",7,"707.77",17,"217","6","2011-01-14 13:42:00","2011-11-22 15:50:00"
12437,"4951.41",18,"275.08",2,"118","10","2011-01-12 14:13:00","2011-12-08 11:35:00"
12700,"4939.99",4,"1235.00",8,"193","4","2011-05-08 16:10:00","2011-12-02 10:47:00"
14709,"4921.04",13,"378.54",15,"71","9","2010-12-16 13:43:00","2011-11-24 15:41:00"
17306,"4882.99",15,"325.53",11,"11","9","2011-01-21 15:41:00","2011-11-29 12:14:00"
12664,"4881.88",9,"542.43",8,"10","7","2011-01-21 11:42:00","2011-12-01 17:07:00"
14292,"4871.93",9,"541.33",8,"64","6","2011-03-02 08:26:00","2011-12-02 11:50:00"
17652,"4867.72",12,"405.64",25,"118","7","2011-03-03 14:05:00","2011-11-14 12:55:00"
13756,"4834.32",14,"345.31",2,"66","9","2010-12-07 11:41:00","2011-12-07 16:44:00"
15738,"4812.42",16,"300.78",19,"46","12","2010-12-02 12:50:00","2011-11-21 08:26:00"
13013,"4810.94",13,"370.07",1,"155","9","2010-12-03 12:28:00","2011-12-08 15:01:00"
15555,"4805.17",16,"300.32",12,"401","9","2010-12-05 14:45:00","2011-11-27 16:19:00"
17365,"4801.56",8,"600.19",13,"278","7","2011-01-11 12:11:00","2011-11-27 12:13:00"
17690,"4757.95",15,"317.20",30,"186","9","2010-12-01 16:15:00","2011-11-09 15:17:00"
12955,"4757.16",11,"432.47",1,"81","8","2011-03-17 09:03:00","2011-12-08 16:29:00"
15547,"4753.24",14,"339.52",7,"440","10","2010-12-12 13:26:00","2011-12-02 12:52:00"
14180,"4748.52",25,"189.94",11,"112","12","2010-12-02 13:08:00","2011-11-29 10:56:00"
15152,"4745.69",13,"365.05",10,"196","6","2011-06-05 15:36:00","2011-11-30 12:32:00"
12989,"4731.71",14,"337.98",3,"41","10","2010-12-10 13:24:00","2011-12-06 15:28:00"
15187,"4712.38",16,"294.52",2,"61","8","2011-05-11 13:49:00","2011-12-08 11:56:00"
15218,"4708.89",11,"428.08",11,"76","9","2011-01-25 11:20:00","2011-11-29 11:48:00"
12714,"4708.86",5,"941.77",9,"216","5","2011-02-18 10:53:00","2011-11-30 15:43:00"
14159,"4693.01",11,"426.64",20,"501","7","2010-12-12 11:17:00","2011-11-20 12:36:00"
14191,"4684.76",13,"360.37",2,"145","8","2011-05-03 10:30:00","2011-12-08 09:23:00"
14390,"4652.82",9,"516.98",10,"135","6","2010-12-02 11:57:00","2011-11-29 13:49:00"
16722,"4641.53",13,"357.04",17,"95","10","2010-12-06 12:59:00","2011-11-22 13:28:00"
14189,"4636.80",15,"309.12",2,"175","12","2010-12-06 11:42:00","2011-12-07 15:55:00"
16191,"4609.32",12,"384.11",3,"64","7","2010-12-14 12:38:00","2011-12-07 11:26:00"
16931,"4604.22",21,"219.25",5,"448","13","2010-12-05 11:40:00","2011-12-04 13:15:00"
17613,"4559.15",14,"325.65",23,"211","9","2011-02-07 11:20:00","2011-11-17 10:51:00"
17068,"4552.14",21,"216.77",12,"116","11","2010-12-06 13:58:00","2011-11-27 13:14:00"
12484,"4541.72",6,"756.95",33,"256","4","2011-01-07 14:04:00","2011-11-07 11:37:00"
15046,"4532.49",15,"302.17",9,"146","9","2011-01-05 15:30:00","2011-11-30 15:50:00"
13267,"4521.49",19,"237.97",3,"88","10","2010-12-08 09:20:00","2011-12-07 11:12:00"
17975,"4488.81",13,"345.29",15,"189","10","2010-12-08 11:38:00","2011-11-24 13:27:00"
14426,"4481.67",10,"448.17",24,"183","5","2011-01-31 09:51:00","2011-11-16 12:25:00"
17364,"4481.18",11,"407.38",1,"288","7","2011-01-12 16:57:00","2011-12-09 09:00:00"
14135,"4478.31",15,"298.55",2,"94","8","2010-12-02 10:27:00","2011-12-08 11:38:00"
12627,"4470.53",7,"638.65",11,"162","5","2011-07-22 13:59:00","2011-11-29 12:07:00"
14085,"4448.54",18,"247.14",2,"272","10","2010-12-06 12:39:00","2011-12-07 13:46:00"
14534,"4447.05",18,"247.06",3,"331","12","2011-01-25 12:33:00","2011-12-07 12:19:00"
15955,"4416.26",14,"315.45",24,"137","7","2010-12-02 11:22:00","2011-11-15 14:15:00"
12712,"4396.13",13,"338.16",29,"58","10","2010-12-03 14:30:00","2011-11-11 08:19:00"
13941,"4354.08",5,"870.82",22,"24","5","2010-12-02 10:17:00","2011-11-18 09:43:00"
16945,"4345.50",19,"228.71",22,"137","10","2010-12-16 17:49:00","2011-11-18 11:39:00"
14525,"4332.20",9,"481.36",20,"217","8","2010-12-13 17:40:00","2011-11-20 11:37:00"
15034,"4308.61",8,"538.58",16,"299","6","2010-12-21 09:47:00","2011-11-24 12:11:00"
17937,"4301.22",7,"614.46",9,"19","6","2010-12-12 14:43:00","2011-12-01 11:45:00"
15291,"4272.30",14,"305.16",26,"62","7","2010-12-01 09:32:00","2011-11-14 11:02:00"
14422,"4263.64",6,"710.61",1,"189","6","2011-03-17 17:26:00","2011-12-09 11:26:00"
17419,"4226.57",12,"352.21",11,"155","8","2010-12-07 15:03:00","2011-11-28 13:47:00"
15804,"4206.39",13,"323.57",1,"170","8","2011-05-25 10:12:00","2011-12-09 12:31:00"
12747,"4196.01",11,"381.46",2,"42","9","2010-12-05 15:38:00","2011-12-07 14:34:00"
12524,"4194.84",8,"524.36",9,"112","7","2011-01-10 10:35:00","2011-11-30 15:31:00"
14146,"4191.00",5,"838.20",9,"183","4","2010-12-17 15:52:00","2011-12-01 10:18:00"
18041,"4183.39",21,"199.21",12,"285","11","2010-12-02 11:21:00","2011-11-28 11:39:00"
12949,"4167.22",8,"520.90",31,"166","4","2011-04-01 13:20:00","2011-11-09 11:25:00"
15570,"4165.52",12,"347.13",7,"231","8","2010-12-05 12:57:00","2011-12-02 14:47:00"
15093,"4160.70",6,"693.45",18,"50","6","2010-12-02 18:25:00","2011-11-21 13:09:00"
16549,"4154.64",10,"415.46",10,"445","5","2011-01-09 14:03:00","2011-11-29 15:06:00"
13988,"4147.96",6,"691.33",20,"188","6","2011-03-30 11:48:00","2011-11-20 10:15:00"
17920,"4143.62",17,"243.74",4,"406","10","2010-12-01 11:49:00","2011-12-05 14:29:00"
12569,"4124.69",32,"128.90",2,"92","9","2011-04-01 13:47:00","2011-12-07 16:24:00"
16592,"4113.68",16,"257.10",4,"142","8","2011-02-25 10:19:00","2011-12-05 13:49:00"
17377,"4100.92",20,"205.05",24,"190","8","2010-12-01 12:35:00","2011-11-16 11:17:00"
17567,"4099.48",8,"512.43",7,"110","8","2010-12-02 15:18:00","2011-12-02 15:48:00"
16670,"4095.90",11,"372.35",17,"179","8","2010-12-16 10:30:00","2011-11-23 09:34:00"
12749,"4090.88",5,"818.18",4,"160","4","2011-05-10 15:25:00","2011-12-06 09:56:00"
14092,"4076.91",14,"291.21",8,"117","11","2010-12-16 15:47:00","2011-12-02 12:13:00"
13069,"4070.36",24,"169.60",1,"280","13","2010-12-05 11:02:00","2011-12-09 08:39:00"
12449,"4067.29",4,"1016.82",22,"118","4","2011-06-05 15:37:00","2011-11-17 13:46:00"
13225,"4066.32",6,"677.72",3,"15","6","2011-01-05 16:28:00","2011-12-06 13:29:00"
12347,"4060.40",7,"580.06",2,"102","7","2010-12-07 14:57:00","2011-12-07 15:52:00"
12656,"4051.17",5,"810.23",17,"89","5","2011-04-20 09:20:00","2011-11-22 13:42:00"
12867,"4036.82",7,"576.69",26,"240","7","2010-12-14 16:39:00","2011-11-13 15:30:00"
12841,"4022.35",25,"160.89",5,"229","13","2010-12-03 10:43:00","2011-12-05 11:13:00"
12957,"4017.54",8,"502.19",10,"208","6","2011-01-04 12:18:00","2011-11-30 09:53:00"
14547,"4007.54",8,"500.94",4,"198","3","2011-10-16 14:35:00","2011-12-06 11:06:00"
16186,"4006.94",12,"333.91",23,"87","8","2010-12-02 14:40:00","2011-11-17 12:43:00"
17769,"3997.98",10,"399.80",13,"200","6","2011-01-23 11:15:00","2011-11-27 11:18:00"
14401,"3995.32",13,"307.33",4,"113","8","2010-12-15 09:07:00","2011-12-05 13:30:00"
15529,"3995.23",11,"363.20",23,"415","9","2010-12-08 12:24:00","2011-11-17 11:29:00"
17001,"3989.57",11,"362.69",1,"75","11","2010-12-16 09:35:00","2011-12-09 09:38:00"
17611,"3984.22",15,"265.61",7,"440","12","2010-12-13 13:52:00","2011-12-02 13:29:00"
12727,"3980.70",7,"568.67",11,"109","6","2011-01-23 15:17:00","2011-11-29 11:46:00"
13815,"3966.88",4,"991.72",22,"131","3","2011-01-25 12:16:00","2011-11-17 14:19:00"
13523,"3964.88",5,"792.98",33,"157","4","2010-12-08 14:22:00","2011-11-06 15:11:00"
13183,"3957.78",9,"439.75",8,"51","8","2011-01-09 10:50:00","2011-12-02 10:30:00"
17651,"3945.00",10,"394.50",12,"149","5","2011-06-15 15:57:00","2011-11-28 10:29:00"
12473,"3938.55",5,"787.71",29,"140","4","2011-06-01 10:15:00","2011-11-10 13:46:00"
16626,"3937.90",17,"231.64",1,"86","8","2011-03-18 12:27:00","2011-12-09 11:56:00"
17593,"3927.34",5,"785.47",4,"190","5","2010-12-22 10:29:00","2011-12-06 10:30:00"
13999,"3901.81",12,"325.15",10,"102","10","2010-12-13 11:23:00","2011-11-29 13:40:00"
14291,"3883.25",11,"353.02",2,"145","6","2011-03-09 15:20:00","2011-12-08 10:26:00"
14299,"3861.94",9,"429.10",8,"94","7","2010-12-09 10:30:00","2011-12-01 16:05:00"
16717,"3858.38",6,"643.06",24,"176","4","2010-12-08 16:48:00","2011-11-16 12:16:00"
12662,"3849.78",11,"349.98",1,"129","10","2010-12-01 13:04:00","2011-12-09 11:59:00"
16327,"3844.22",6,"640.70",14,"142","6","2010-12-05 12:43:00","2011-11-25 13:23:00"
17091,"3827.76",9,"425.31",3,"119","7","2010-12-07 09:55:00","2011-12-07 10:43:00"
15867,"3812.64",15,"254.18",5,"302","12","2010-12-05 14:17:00","2011-12-04 13:32:00"
12597,"3811.22",4,"952.81",19,"184","4","2011-03-16 14:00:00","2011-11-20 13:33:00"
15298,"3809.90",11,"346.35",2,"114","8","2010-12-08 13:55:00","2011-12-07 17:17:00"
12668,"3807.15",4,"951.79",12,"115","4","2010-12-19 12:46:00","2011-11-28 10:56:00"
16145,"3799.49",11,"345.41",9,"134","10","2010-12-15 09:09:00","2011-12-01 10:33:00"
18198,"3797.40",17,"223.38",4,"81","11","2011-01-07 13:39:00","2011-12-05 14:49:00"
16655,"3794.52",6,"632.42",18,"208","5","2011-01-12 10:16:00","2011-11-22 11:25:00"
12562,"3781.74",7,"540.25",8,"99","7","2011-05-25 12:44:00","2011-12-01 17:20:00"
13435,"3775.33",7,"539.33",5,"68","6","2011-06-03 17:07:00","2011-12-04 14:45:00"
17173,"3766.60",8,"470.82",5,"36","5","2011-07-31 15:26:00","2011-12-04 14:40:00"
16904,"3754.27",16,"234.64",4,"387","11","2010-12-07 13:29:00","2011-12-05 13:10:00"
12429,"3750.40",4,"937.60",9,"82","4","2010-12-09 12:05:00","2011-11-30 17:22:00"
17238,"3744.65",17,"220.27",3,"297","10","2010-12-03 15:05:00","2011-12-07 11:35:00"
16570,"3738.40",10,"373.84",15,"68","7","2011-02-01 10:37:00","2011-11-24 17:02:00"
14282,"3729.34",15,"248.62",3,"70","9","2010-12-07 12:21:00","2011-12-06 17:04:00"
12647,"3722.82",12,"310.24",22,"78","8","2010-12-05 14:02:00","2011-11-17 12:56:00"
13680,"3722.42",4,"930.61",1,"164","3","2011-01-04 14:12:00","2011-12-08 13:47:00"
13384,"3720.25",7,"531.46",31,"123","5","2011-06-14 12:47:00","2011-11-09 11:04:00"
15845,"3711.77",8,"463.97",18,"97","7","2011-01-06 17:19:00","2011-11-22 09:42:00"
13148,"3707.12",12,"308.93",29,"231","6","2010-12-10 13:06:00","2011-11-10 15:23:00"
12553,"3692.28",10,"369.23",8,"95","9","2011-01-14 10:42:00","2011-12-01 16:38:00"
13137,"3650.41",8,"456.30",11,"345","7","2011-02-04 11:54:00","2011-11-29 12:09:00"
12417,"3649.10",9,"405.46",3,"158","8","2010-12-17 11:51:00","2011-12-06 14:52:00"
16712,"3645.43",11,"331.40",9,"259","6","2011-03-08 15:07:00","2011-11-30 13:48:00"
13426,"3641.32",10,"364.13",1,"103","9","2010-12-15 12:43:00","2011-12-09 08:59:00"
16440,"3640.67",5,"728.13",8,"186","4","2011-05-09 12:25:00","2011-12-02 12:02:00"
13381,"3639.31",6,"606.55",32,"77","6","2011-02-14 10:10:00","2011-11-08 11:58:00"
14543,"3630.33",16,"226.90",29,"43","10","2010-12-10 11:51:00","2011-11-11 12:45:00"
17528,"3628.50",8,"453.56",1,"183","4","2011-09-29 13:04:00","2011-12-08 13:27:00"
17576,"3622.68",19,"190.67",8,"245","13","2010-12-09 16:57:00","2011-12-01 17:56:00"
16242,"3603.21",7,"514.74",8,"184","6","2011-03-07 17:04:00","2011-12-01 15:12:00"
13266,"3590.90",12,"299.24",11,"82","9","2011-03-28 10:14:00","2011-11-28 14:39:00"
14132,"3586.03",11,"326.00",2,"100","7","2011-06-09 12:04:00","2011-12-07 13:35:00"
12901,"3568.92",18,"198.27",10,"29","8","2011-03-14 10:41:00","2011-11-29 14:08:00"
15544,"3546.71",9,"394.08",9,"122","7","2010-12-02 12:47:00","2011-11-30 16:43:00"
14503,"3543.26",6,"590.54",3,"113","4","2011-06-14 10:00:00","2011-12-06 13:30:00"
13448,"3539.37",6,"589.90",17,"137","4","2010-12-01 10:52:00","2011-11-23 12:33:00"
16168,"3529.84",26,"135.76",11,"57","11","2010-12-05 11:38:00","2011-11-29 12:45:00"
17858,"3523.66",10,"352.37",6,"96","8","2010-12-05 13:08:00","2011-12-04 11:56:00"
16401,"3522.32",12,"293.53",1,"66","10","2011-01-16 10:56:00","2011-12-08 18:15:00"
17160,"3518.03",6,"586.34",31,"111","4","2011-04-12 12:00:00","2011-11-08 14:05:00"
16360,"3512.53",6,"585.42",5,"365","4","2011-09-12 13:50:00","2011-12-05 12:16:00"
14395,"3507.71",9,"389.75",2,"181","9","2010-12-02 18:15:00","2011-12-07 14:34:00"
14907,"3501.10",7,"500.16",3,"125","5","2010-12-07 10:14:00","2011-12-06 14:14:00"
16458,"3482.74",18,"193.49",3,"52","12","2010-12-14 11:51:00","2011-12-07 09:34:00"
15484,"3478.15",4,"869.54",1,"134","4","2011-09-22 13:31:00","2011-12-08 15:03:00"
13014,"3466.28",10,"346.63",11,"67","6","2011-03-03 18:28:00","2011-11-29 12:27:00"
17758,"3456.70",8,"432.09",19,"310","6","2011-04-03 15:22:00","2011-11-20 14:45:00"
13536,"3448.29",7,"492.61",1,"91","4","2011-09-25 13:30:00","2011-12-08 16:38:00"
17725,"3439.08",11,"312.64",16,"115","9","2011-03-17 19:47:00","2011-11-23 16:34:00"
15676,"3435.76",3,"1145.25",19,"191","2","2011-03-01 10:19:00","2011-11-21 12:40:00"
17381,"3431.73",16,"214.48",24,"25","9","2011-02-04 11:55:00","2011-11-15 15:49:00"
15981,"3408.48",8,"426.06",25,"53","8","2011-02-01 13:50:00","2011-11-15 08:00:00"
13437,"3408.06",7,"486.87",14,"143","4","2011-06-02 14:30:00","2011-11-25 14:00:00"
13198,"3401.24",6,"566.87",10,"199","6","2010-12-13 09:29:00","2011-11-29 15:17:00"
15514,"3391.62",11,"308.33",12,"95","4","2010-12-10 13:50:00","2011-11-27 14:40:00"
16011,"3362.71",16,"210.17",8,"99","11","2010-12-08 16:34:00","2011-12-01 16:31:00"
14227,"3350.96",10,"335.10",26,"117","5","2011-02-28 12:27:00","2011-11-13 15:48:00"
16818,"3349.57",11,"304.51",11,"172","6","2011-05-18 11:42:00","2011-11-29 10:41:00"
17183,"3347.31",6,"557.88",8,"42","4","2011-08-26 15:25:00","2011-12-02 10:07:00"
16607,"3330.43",14,"237.89",18,"139","10","2010-12-16 08:41:00","2011-11-22 10:24:00"
14702,"3292.14",17,"193.66",1,"196","11","2010-12-09 19:23:00","2011-12-08 19:29:00"
15632,"3285.31",8,"410.66",16,"107","7","2011-03-10 08:29:00","2011-11-24 09:51:00"
17491,"3253.59",10,"325.36",1,"72","8","2010-12-07 12:18:00","2011-12-08 16:18:00"
13047,"3237.54",10,"323.75",32,"106","8","2010-12-01 08:34:00","2011-11-08 12:06:00"
15443,"3236.91",7,"462.42",2,"237","6","2011-01-23 13:25:00","2011-12-08 10:40:00"
13880,"3219.77",13,"247.67",21,"125","10","2010-12-07 14:00:00","2011-11-18 13:44:00"
15971,"3218.85",11,"292.62",18,"9","8","2011-02-01 16:47:00","2011-11-22 12:50:00"
13268,"3214.69",11,"292.24",18,"257","6","2011-03-17 13:20:00","2011-11-22 11:51:00"
14388,"3212.84",8,"401.61",10,"124","7","2010-12-02 11:02:00","2011-11-29 13:32:00"
16107,"3204.16",7,"457.74",18,"16","6","2011-06-09 18:42:00","2011-11-22 09:40:00"
17220,"3198.25",14,"228.45",24,"303","9","2010-12-10 14:54:00","2011-11-15 13:47:00"
17685,"3191.53",7,"455.93",17,"88","6","2010-12-02 14:42:00","2011-11-23 11:36:00"
17231,"3174.32",10,"317.43",12,"292","9","2010-12-13 14:16:00","2011-11-27 15:18:00"
16837,"3170.98",11,"288.27",31,"123","5","2011-04-08 08:48:00","2011-11-08 14:27:00"
15861,"3165.36",8,"395.67",12,"339","4","2011-03-17 20:12:00","2011-11-27 15:59:00"
14739,"3132.84",7,"447.55",4,"42","7","2010-12-07 14:58:00","2011-12-05 16:54:00"
13742,"3131.02",12,"260.92",17,"200","7","2011-01-23 14:59:00","2011-11-23 11:07:00"
13758,"3130.07",7,"447.15",12,"103","5","2010-12-01 12:08:00","2011-11-28 11:11:00"
16656,"3125.00",15,"208.33",22,"12","11","2010-12-10 11:23:00","2011-11-17 14:43:00"
16156,"3122.04",9,"346.89",9,"108","8","2011-02-02 12:02:00","2011-12-01 12:42:00"
16326,"3110.96",14,"222.21",6,"158","9","2011-01-09 12:01:00","2011-12-04 10:11:00"
16678,"3109.99",12,"259.17",3,"92","8","2011-03-02 09:24:00","2011-12-07 12:17:00"
14099,"3104.17",11,"282.20",16,"167","10","2010-12-20 11:14:00","2011-11-23 13:53:00"
16905,"3102.43",7,"443.20",5,"117","6","2010-12-03 10:43:00","2011-12-04 14:01:00"
17059,"3095.04",5,"619.01",30,"292","5","2010-12-05 12:35:00","2011-11-10 12:27:00"
13362,"3090.74",4,"772.68",9,"128","4","2011-02-25 11:33:00","2011-11-30 14:41:00"
16218,"3084.68",7,"440.67",30,"56","6","2010-12-01 11:29:00","2011-11-10 09:59:00"
18272,"3078.58",6,"513.10",3,"99","5","2011-04-07 09:35:00","2011-12-07 12:43:00"
12910,"3075.04",8,"384.38",23,"48","6","2011-04-12 10:01:00","2011-11-16 14:28:00"
14456,"3062.40",9,"340.27",5,"580","5","2011-07-20 13:06:00","2011-12-04 13:59:00"
17799,"3055.93",10,"305.59",22,"280","7","2010-12-13 13:10:00","2011-11-17 15:16:00"
16393,"3046.21",13,"234.32",2,"120","10","2010-12-05 13:10:00","2011-12-07 12:51:00"
12598,"3023.08",8,"377.88",10,"84","5","2011-02-28 11:58:00","2011-11-30 12:18:00"
12395,"3018.63",12,"251.55",19,"91","8","2010-12-03 16:35:00","2011-11-20 15:21:00"
17659,"2999.46",12,"249.96",17,"127","7","2010-12-02 16:46:00","2011-11-22 13:29:00"
12670,"2996.05",5,"599.21",10,"58","4","2011-04-21 10:16:00","2011-11-29 15:23:00"
15687,"2993.10",9,"332.57",9,"119","7","2011-01-13 15:13:00","2011-12-01 08:33:00"
13451,"2976.15",5,"595.23",26,"315","5","2011-01-09 15:35:00","2011-11-13 15:58:00"
14032,"2975.59",11,"270.51",2,"53","8","2010-12-08 10:53:00","2011-12-07 15:23:00"
15854,"2974.65",12,"247.89",4,"105","9","2010-12-13 11:47:00","2011-12-05 13:39:00"
12480,"2964.83",4,"741.21",28,"129","4","2011-01-07 15:27:00","2011-11-11 14:52:00"
17924,"2962.50",7,"423.21",12,"26","4","2010-12-01 10:51:00","2011-11-28 09:11:00"
14868,"2953.59",8,"369.20",3,"96","6","2011-04-20 13:36:00","2011-12-06 14:49:00"
14112,"2915.15",7,"416.45",23,"117","5","2011-03-09 11:28:00","2011-11-17 12:30:00"
17644,"2895.64",11,"263.24",1,"102","8","2011-03-24 09:44:00","2011-12-08 13:43:00"
12408,"2888.55",5,"577.71",33,"81","4","2011-03-24 14:46:00","2011-11-07 12:27:00"
13735,"2885.24",4,"721.31",25,"158","4","2011-04-19 13:49:00","2011-11-15 11:14:00"
16633,"2883.10",6,"480.52",17,"115","6","2011-04-19 14:36:00","2011-11-22 13:41:00"
14251,"2879.70",5,"575.94",2,"37","3","2011-10-13 12:46:00","2011-12-08 08:32:00"
17728,"2876.01",3,"958.67",4,"153","3","2011-09-14 11:39:00","2011-12-06 08:52:00"
15628,"2870.24",9,"318.92",5,"85","8","2010-12-08 09:51:00","2011-12-05 10:24:00"
14711,"2868.80",11,"260.80",10,"221","7","2011-03-22 13:32:00","2011-11-29 14:58:00"
12685,"2863.08",6,"477.18",28,"117","3","2011-09-07 10:28:00","2011-11-11 13:46:00"
18145,"2861.55",4,"715.39",13,"174","4","2011-01-31 12:10:00","2011-11-27 11:22:00"
14572,"2832.84",7,"404.69",3,"190","6","2011-01-19 17:23:00","2011-12-06 14:40:00"
14530,"2818.81",6,"469.80",26,"140","6","2011-02-16 10:47:00","2011-11-14 10:38:00"
16871,"2812.34",6,"468.72",22,"131","4","2011-03-14 10:31:00","2011-11-17 19:27:00"
14903,"2810.63",5,"562.13",21,"227","5","2011-03-06 11:50:00","2011-11-18 16:07:00"
18230,"2810.20",7,"401.46",9,"32","6","2011-02-10 13:06:00","2011-11-30 13:22:00"
16764,"2799.25",13,"215.33",4,"209","6","2011-07-19 17:17:00","2011-12-06 11:41:00"
15993,"2797.57",7,"399.65",9,"335","3","2011-10-26 16:21:00","2011-12-01 10:45:00"
13769,"2796.51",10,"279.65",2,"73","9","2010-12-07 13:28:00","2011-12-07 15:08:00"
17739,"2791.35",7,"398.76",12,"29","6","2010-12-14 14:26:00","2011-11-28 09:12:00"
14626,"2791.27",4,"697.82",24,"108","4","2011-04-20 13:18:00","2011-11-16 10:37:00"
12906,"2784.13",5,"556.83",12,"54","2","2011-09-22 15:03:00","2011-11-28 09:55:00"
12388,"2780.66",6,"463.44",16,"57","6","2011-01-17 11:12:00","2011-11-24 12:30:00"
14121,"2780.15",4,"695.04",4,"148","3","2011-10-11 10:39:00","2011-12-06 12:19:00"
14005,"2773.92",5,"554.78",10,"52","5","2011-05-08 10:33:00","2011-11-30 12:41:00"
13870,"2770.94",8,"346.37",2,"91","6","2011-02-25 09:09:00","2011-12-07 13:23:00"
15356,"2766.50",10,"276.65",31,"215","9","2010-12-06 14:05:00","2011-11-08 13:11:00"
13230,"2763.41",14,"197.39",4,"393","9","2010-12-09 19:28:00","2011-12-05 16:03:00"
15114,"2760.56",10,"276.06",30,"136","8","2011-02-11 08:45:00","2011-11-09 15:05:00"
13971,"2758.26",8,"344.78",19,"118","7","2011-02-27 12:27:00","2011-11-21 12:06:00"
15696,"2736.46",8,"342.06",33,"140","5","2011-01-17 11:24:00","2011-11-06 14:02:00"
16003,"2735.37",5,"547.07",30,"82","4","2010-12-15 12:09:00","2011-11-10 09:57:00"
12380,"2724.81",4,"681.20",22,"77","4","2011-06-07 09:49:00","2011-11-18 11:27:00"
17838,"2723.62",5,"544.72",27,"95","4","2010-12-02 15:55:00","2011-11-13 11:20:00"
12708,"2712.91",10,"271.29",30,"86","9","2010-12-06 10:43:00","2011-11-10 09:52:00"
15796,"2711.56",8,"338.94",1,"70","7","2011-02-10 15:40:00","2011-12-08 19:55:00"
17069,"2709.70",9,"301.08",28,"111","5","2010-12-01 16:49:00","2011-11-11 17:13:00"
13285,"2709.12",4,"677.28",23,"157","4","2011-02-22 17:13:00","2011-11-16 13:19:00"
14732,"2702.49",8,"337.81",8,"105","8","2011-01-04 14:40:00","2011-12-01 14:34:00"
18097,"2697.80",6,"449.63",8,"65","5","2010-12-20 14:49:00","2011-12-02 11:16:00"
17346,"2676.56",15,"178.44",4,"299","9","2010-12-01 14:34:00","2011-12-06 12:18:00"
13883,"2674.48",5,"534.90",11,"108","3","2011-03-31 17:17:00","2011-11-29 10:45:00"
12619,"2667.16",9,"296.35",16,"46","6","2011-03-31 13:10:00","2011-11-23 14:52:00"
14713,"2666.36",11,"242.40",9,"146","8","2010-12-09 18:58:00","2011-11-30 16:26:00"
12931,"2661.26",9,"295.70",30,"15","6","2010-12-17 18:07:00","2011-11-09 13:56:00"
12721,"2656.13",6,"442.69",32,"133","6","2010-12-20 11:38:00","2011-11-08 12:13:00"
16618,"2647.59",5,"529.52",31,"79","4","2011-01-21 11:55:00","2011-11-08 13:52:00"
13658,"2639.17",5,"527.83",10,"91","3","2011-05-19 17:15:00","2011-11-30 10:13:00"
17655,"2638.94",7,"376.99",11,"66","6","2010-12-08 16:45:00","2011-11-29 11:34:00"
13804,"2635.79",7,"376.54",31,"124","4","2011-02-23 09:09:00","2011-11-09 12:32:00"
17402,"2633.85",13,"202.60",5,"33","9","2010-12-05 13:53:00","2011-12-05 10:15:00"
18077,"2633.01",11,"239.36",8,"101","8","2010-12-08 10:21:00","2011-12-01 13:32:00"
13644,"2624.26",4,"656.07",16,"144","4","2011-08-26 11:53:00","2011-11-23 14:07:00"
15984,"2624.07",10,"262.41",3,"216","8","2010-12-06 13:21:00","2011-12-07 12:16:00"
18210,"2621.38",6,"436.90",2,"109","4","2011-03-17 16:58:00","2011-12-08 11:02:00"
16255,"2619.91",8,"327.49",17,"146","7","2010-12-09 14:25:00","2011-11-23 12:40:00"
14262,"2618.23",8,"327.28",8,"87","7","2011-04-13 12:23:00","2011-12-01 14:17:00"
13021,"2616.38",9,"290.71",4,"101","7","2010-12-16 10:12:00","2011-12-05 16:37:00"
15671,"2615.37",7,"373.62",19,"51","5","2011-03-14 09:37:00","2011-11-21 12:43:00"
18075,"2611.75",10,"261.18",23,"97","9","2010-12-14 10:48:00","2011-11-16 15:21:00"
16241,"2607.87",13,"200.61",10,"347","10","2010-12-05 11:04:00","2011-11-30 11:08:00"
14408,"2606.53",7,"372.36",11,"60","6","2011-03-20 14:41:00","2011-11-29 11:41:00"
13983,"2603.43",12,"216.95",30,"91","9","2010-12-08 10:38:00","2011-11-10 11:06:00"
12600,"2599.04",10,"259.90",29,"32","9","2010-12-03 12:57:00","2011-11-11 10:29:00"
13895,"2593.07",4,"648.27",28,"97","4","2011-06-28 10:17:00","2011-11-11 16:57:00"
14243,"2588.77",10,"258.88",9,"99","9","2010-12-09 08:34:00","2011-12-01 11:12:00"
15033,"2586.67",10,"258.67",5,"315","8","2011-01-14 13:28:00","2011-12-05 12:40:00"
14546,"2578.09",5,"515.62",5,"250","5","2011-04-05 12:37:00","2011-12-04 13:00:00"
16912,"2575.38",11,"234.13",29,"88","6","2011-01-20 15:42:00","2011-11-11 12:18:00"
12726,"2572.62",7,"367.52",28,"56","7","2010-12-17 12:56:00","2011-11-11 13:35:00"
18245,"2567.06",7,"366.72",7,"153","5","2010-12-19 14:58:00","2011-12-02 14:48:00"
15572,"2552.86",7,"364.69",5,"166","5","2011-03-06 14:44:00","2011-12-05 10:09:00"
14334,"2552.21",8,"319.03",17,"98","8","2010-12-16 17:37:00","2011-11-23 10:01:00"
14701,"2549.37",9,"283.26",11,"268","6","2011-01-27 12:40:00","2011-11-29 12:38:00"
17700,"2534.64",4,"633.66",17,"116","4","2011-03-03 16:34:00","2011-11-23 11:51:00"
13471,"2531.58",4,"632.89",1,"214","3","2011-10-23 13:10:00","2011-12-08 15:44:00"
14659,"2529.93",9,"281.10",9,"147","9","2011-01-28 12:43:00","2011-12-01 12:17:00"
13975,"2526.28",6,"421.05",31,"240","5","2011-03-08 12:19:00","2011-11-08 13:19:00"
17449,"2520.86",7,"360.12",2,"178","6","2010-12-15 10:57:00","2011-12-07 16:56:00"
13394,"2520.02",8,"315.00",2,"124","8","2011-02-03 10:39:00","2011-12-08 11:36:00"
17596,"2516.44",7,"359.49",23,"168","6","2010-12-06 12:34:00","2011-11-16 14:11:00"
17133,"2516.24",6,"419.37",16,"12","5","2011-03-18 13:47:00","2011-11-24 12:27:00"
14397,"2509.28",19,"132.07",3,"18","8","2011-05-10 12:25:00","2011-12-07 09:22:00"
15271,"2507.07",15,"167.14",7,"184","10","2010-12-09 13:47:00","2011-12-02 14:11:00"
13695,"2504.13",15,"166.94",31,"46","9","2011-03-25 11:31:00","2011-11-08 14:26:00"
12517,"2502.84",5,"500.57",28,"232","4","2011-06-02 15:13:00","2011-11-11 14:04:00"
12557,"2501.34",4,"625.34",16,"13","4","2010-12-03 12:20:00","2011-11-23 16:59:00"
15932,"2495.87",8,"311.98",4,"93","8","2011-02-23 14:50:00","2011-12-05 17:13:00"
12483,"2484.98",8,"310.62",17,"46","7","2011-01-04 14:20:00","2011-11-22 17:02:00"
12913,"2483.63",5,"496.73",5,"37","5","2010-12-06 16:36:00","2011-12-05 12:11:00"
16710,"2483.04",10,"248.30",19,"268","6","2010-12-06 13:13:00","2011-11-20 14:50:00"
13507,"2479.16",4,"619.79",3,"146","4","2011-07-17 11:50:00","2011-12-06 13:13:00"
13588,"2478.95",9,"275.44",16,"131","6","2011-03-29 15:53:00","2011-11-24 10:42:00"
17682,"2474.33",6,"412.39",10,"48","6","2010-12-06 13:35:00","2011-11-29 15:59:00"
17188,"2474.23",7,"353.46",11,"71","4","2010-12-12 12:56:00","2011-11-28 13:53:00"
14766,"2473.37",6,"412.23",8,"111","6","2010-12-08 15:33:00","2011-12-01 16:05:00"
17314,"2472.24",8,"309.03",25,"120","7","2011-01-31 11:25:00","2011-11-15 09:41:00"
14502,"2470.67",11,"224.61",20,"368","7","2011-01-30 15:52:00","2011-11-20 11:50:00"
17164,"2467.35",7,"352.48",33,"92","5","2011-03-11 14:26:00","2011-11-07 09:14:00"
15750,"2465.48",8,"308.18",3,"214","6","2010-12-08 10:36:00","2011-12-07 12:34:00"
17131,"2463.17",5,"492.63",5,"78","4","2011-09-25 12:42:00","2011-12-04 12:52:00"
15527,"2429.78",8,"303.72",19,"127","7","2010-12-20 14:15:00","2011-11-21 12:17:00"
17071,"2429.03",9,"269.89",28,"102","8","2011-02-03 08:18:00","2011-11-11 16:31:00"
13949,"2427.32",6,"404.55",3,"124","4","2011-09-06 11:55:00","2011-12-07 09:35:00"
16143,"2424.94",6,"404.16",3,"75","5","2010-12-05 15:18:00","2011-12-06 14:13:00"
15089,"2420.84",6,"403.47",10,"139","4","2011-08-03 14:14:00","2011-11-29 16:31:00"
15373,"2415.91",12,"201.33",8,"74","9","2010-12-03 14:40:00","2011-12-01 15:05:00"
18065,"2392.83",14,"170.92",6,"110","6","2010-12-10 12:44:00","2011-12-04 10:30:00"
17530,"2385.00",10,"238.50",1,"306","8","2010-12-09 20:01:00","2011-12-08 18:42:00"
14493,"2383.24",5,"476.65",7,"95","4","2011-07-07 16:59:00","2011-12-02 16:14:00"
14554,"2381.04",4,"595.26",10,"147","2","2011-10-18 13:04:00","2011-11-29 16:44:00"
17434,"2373.82",7,"339.12",2,"100","4","2011-09-15 13:54:00","2011-12-07 13:16:00"
15755,"2364.25",6,"394.04",10,"127","5","2011-02-18 11:53:00","2011-11-29 14:57:00"
14030,"2360.09",8,"295.01",18,"210","6","2010-12-08 16:11:00","2011-11-21 16:48:00"
14440,"2357.68",5,"471.54",8,"33","5","2010-12-09 12:49:00","2011-12-01 15:42:00"
12704,"2340.84",8,"292.61",7,"64","5","2011-06-23 10:20:00","2011-12-02 13:15:00"
18259,"2338.60",3,"779.53",25,"27","3","2010-12-08 13:38:00","2011-11-15 12:34:00"
12584,"2338.15",9,"259.79",4,"44","8","2011-03-04 15:15:00","2011-12-06 09:35:00"
12782,"2330.92",5,"466.18",5,"81","5","2010-12-17 11:30:00","2011-12-05 09:16:00"
15785,"2328.97",5,"465.79",33,"58","4","2011-02-17 14:17:00","2011-11-07 11:33:00"
17211,"2317.22",8,"289.65",27,"150","6","2010-12-05 12:44:00","2011-11-13 12:03:00"
15782,"2315.22",3,"771.74",10,"33","3","2011-09-11 14:29:00","2011-11-30 10:49:00"
14290,"2314.65",5,"462.93",11,"89","4","2010-12-13 10:24:00","2011-11-28 14:02:00"
15365,"2314.32",7,"330.62",26,"65","3","2011-01-28 13:08:00","2011-11-14 08:29:00"
13994,"2313.14",6,"385.52",4,"122","5","2011-07-14 18:28:00","2011-12-06 11:05:00"
13704,"2308.06",9,"256.45",5,"111","4","2011-09-12 14:40:00","2011-12-04 15:13:00"
17744,"2304.40",6,"384.07",4,"109","5","2010-12-16 14:17:00","2011-12-06 12:11:00"
15105,"2298.93",7,"328.42",18,"90","4","2011-07-28 10:09:00","2011-11-21 16:54:00"
12500,"2296.54",11,"208.78",23,"34","7","2011-01-10 09:48:00","2011-11-16 16:20:00"
13115,"2294.78",4,"573.70",12,"88","3","2011-06-08 16:15:00","2011-11-28 12:38:00"
12615,"2291.19",4,"572.80",2,"82","4","2011-06-24 13:35:00","2011-12-07 15:02:00"
14676,"2290.72",6,"381.79",31,"29","5","2011-03-01 14:26:00","2011-11-08 13:29:00"
16782,"2279.90",13,"175.38",10,"103","8","2010-12-09 11:28:00","2011-11-29 13:20:00"
17768,"2273.18",3,"757.73",8,"77","3","2011-06-26 13:46:00","2011-12-01 13:22:00"
14466,"2272.40",7,"324.63",29,"35","7","2010-12-02 13:36:00","2011-11-10 14:07:00"
13700,"2265.12",10,"226.51",26,"139","7","2011-01-16 13:18:00","2011-11-13 13:00:00"
16057,"2263.12",7,"323.30",16,"109","4","2011-02-28 10:35:00","2011-11-23 15:23:00"
14432,"2255.51",6,"375.92",10,"256","3","2011-09-11 14:09:00","2011-11-30 08:04:00"
16293,"2248.99",10,"224.90",22,"102","6","2010-12-07 15:02:00","2011-11-18 09:58:00"
16771,"2246.81",5,"449.36",33,"200","5","2011-01-05 13:57:00","2011-11-06 13:28:00"
16743,"2238.09",7,"319.73",29,"89","6","2010-12-16 12:15:00","2011-11-10 13:13:00"
16076,"2234.73",10,"223.47",3,"71","7","2011-05-15 12:31:00","2011-12-06 14:59:00"
12684,"2231.79",7,"318.83",8,"61","5","2011-05-10 12:55:00","2011-12-02 09:53:00"
14825,"2226.91",12,"185.58",4,"82","10","2010-12-06 12:30:00","2011-12-06 11:38:00"
12783,"2225.91",6,"370.98",2,"76","4","2011-09-25 15:35:00","2011-12-07 15:56:00"
15811,"2218.62",6,"369.77",22,"117","5","2010-12-09 15:29:00","2011-11-17 15:31:00"
14309,"2214.29",9,"246.03",8,"74","7","2010-12-16 13:05:00","2011-12-01 13:33:00"
17954,"2211.76",12,"184.31",5,"324","9","2010-12-03 14:18:00","2011-12-04 14:15:00"
13862,"2209.36",8,"276.17",18,"97","8","2011-01-11 15:13:00","2011-11-21 16:24:00"
16628,"2188.05",5,"437.61",30,"79","5","2011-04-19 08:55:00","2011-11-10 12:45:00"
15394,"2183.54",4,"545.89",10,"54","4","2010-12-16 12:46:00","2011-11-30 11:49:00"
12856,"2179.93",6,"363.32",8,"155","3","2011-10-07 12:38:00","2011-12-02 10:52:00"
13755,"2161.35",9,"240.15",4,"232","3","2011-10-07 15:45:00","2011-12-06 12:26:00"
12935,"2160.70",7,"308.67",2,"80","6","2011-01-24 13:58:00","2011-12-07 17:25:00"
16379,"2157.40",4,"539.35",4,"87","3","2011-09-22 09:33:00","2011-12-05 15:38:00"
14560,"2136.97",21,"101.76",7,"39","12","2010-12-17 09:22:00","2011-12-02 15:22:00"
14360,"2128.23",4,"532.06",32,"104","3","2011-09-06 11:58:00","2011-11-08 09:12:00"
16407,"2126.93",10,"212.69",13,"99","8","2011-01-31 14:02:00","2011-11-27 11:05:00"
14640,"2125.08",6,"354.18",24,"87","6","2011-04-26 12:31:00","2011-11-15 13:07:00"
15058,"2124.99",11,"193.18",25,"199","8","2011-01-31 15:35:00","2011-11-14 14:57:00"
13632,"2121.27",5,"424.25",25,"121","4","2011-04-10 15:07:00","2011-11-15 10:51:00"
14691,"2114.33",5,"422.87",31,"50","3","2011-05-11 09:55:00","2011-11-09 12:30:00"
14515,"2102.09",6,"350.35",18,"68","4","2011-05-05 12:13:00","2011-11-22 11:37:00"
17861,"2100.80",8,"262.60",3,"172","5","2011-01-24 11:34:00","2011-12-06 16:21:00"
13126,"2099.64",8,"262.45",5,"124","6","2010-12-08 11:42:00","2011-12-05 10:00:00"
12610,"2099.54",5,"419.91",23,"85","3","2011-08-05 13:52:00","2011-11-17 09:34:00"
17191,"2095.13",7,"299.30",28,"163","5","2010-12-06 14:36:00","2011-11-11 16:58:00"
18283,"2094.88",16,"130.93",4,"263","10","2011-01-06 14:14:00","2011-12-06 12:02:00"
13571,"2092.32",12,"174.36",13,"157","9","2011-03-31 12:43:00","2011-11-27 10:47:00"
17490,"2092.32",7,"298.90",1,"63","4","2011-06-16 09:15:00","2011-12-09 09:08:00"
13297,"2089.85",4,"522.46",8,"52","3","2011-10-03 15:08:00","2011-12-02 09:32:00"
18044,"2088.60",10,"208.86",4,"88","8","2010-12-14 12:25:00","2011-12-05 14:26:00"
16954,"2085.08",9,"231.68",1,"40","6","2010-12-15 10:41:00","2011-12-09 09:46:00"
14696,"2078.95",7,"296.99",4,"117","7","2010-12-01 15:37:00","2011-12-05 13:43:00"
17512,"2073.95",9,"230.44",29,"59","7","2011-02-11 12:22:00","2011-11-11 12:11:00"
14209,"2073.43",6,"345.57",11,"55","6","2011-01-11 12:56:00","2011-11-29 10:18:00"
18241,"2073.09",17,"121.95",10,"60","7","2011-05-06 09:22:00","2011-11-30 12:10:00"
18219,"2069.77",10,"206.98",3,"58","8","2010-12-06 10:05:00","2011-12-07 11:43:00"
12948,"2064.95",7,"294.99",16,"82","5","2011-03-20 10:17:00","2011-11-23 17:10:00"
12518,"2056.89",5,"411.38",1,"84","5","2011-08-21 13:18:00","2011-12-09 10:13:00"
14188,"2054.36",6,"342.39",31,"34","6","2011-02-02 13:46:00","2011-11-09 12:45:00"
17625,"2047.00",4,"511.75",18,"223","4","2011-03-27 12:21:00","2011-11-21 13:36:00"
13495,"2044.87",5,"408.97",8,"34","4","2010-12-06 15:14:00","2011-12-02 11:21:00"
17090,"2043.95",7,"291.99",4,"45","6","2010-12-20 13:52:00","2011-12-05 13:44:00"
15179,"2042.79",5,"408.56",18,"89","4","2011-01-24 13:48:00","2011-11-21 12:53:00"
18069,"2036.67",5,"407.33",26,"334","5","2011-01-16 15:50:00","2011-11-13 16:03:00"
16358,"2027.50",4,"506.87",1,"82","4","2011-06-08 15:05:00","2011-12-08 15:09:00"
14506,"2012.17",5,"402.43",17,"204","5","2010-12-05 14:25:00","2011-11-22 13:02:00"
14730,"2005.06",8,"250.63",1,"317","6","2011-03-08 12:49:00","2011-12-08 14:39:00"
14217,"2004.98",17,"117.94",2,"78","12","2010-12-08 13:28:00","2011-12-08 11:53:00"
15493,"2001.80",5,"400.36",33,"177","4","2011-03-14 11:44:00","2011-11-07 12:04:00"
18188,"2001.04",3,"667.01",15,"63","3","2011-02-22 14:43:00","2011-11-24 16:46:00"
13305,"2000.86",10,"200.09",4,"50","9","2010-12-02 12:10:00","2011-12-05 15:15:00"
17827,"1995.46",5,"399.09",5,"190","3","2010-12-10 10:18:00","2011-12-04 15:00:00"
17088,"1991.01",4,"497.75",28,"96","4","2011-03-31 09:48:00","2011-11-11 14:23:00"
13246,"1987.30",6,"331.22",18,"110","5","2011-01-13 13:36:00","2011-11-21 16:50:00"
16966,"1973.53",7,"281.93",8,"8","6","2011-04-13 14:17:00","2011-12-01 13:40:00"
16341,"1971.87",4,"492.97",25,"60","3","2011-05-22 13:20:00","2011-11-15 09:12:00"
17790,"1965.55",14,"140.40",27,"121","8","2010-12-10 10:47:00","2011-11-13 11:30:00"
17218,"1960.72",10,"196.07",4,"146","6","2010-12-06 15:25:00","2011-12-05 13:52:00"
15351,"1960.11",7,"280.02",12,"157","4","2010-12-05 11:49:00","2011-11-27 12:52:00"
14653,"1947.55",7,"278.22",1,"154","4","2011-01-05 13:40:00","2011-12-08 13:45:00"
15814,"1945.33",4,"486.33",17,"63","2","2011-10-20 09:04:00","2011-11-23 08:17:00"
13450,"1940.04",6,"323.34",27,"32","5","2011-05-05 19:48:00","2011-11-13 11:54:00"
13784,"1935.75",8,"241.97",10,"9","7","2011-01-11 14:38:00","2011-11-30 09:33:00"
12528,"1933.48",6,"322.25",9,"50","6","2011-01-31 09:05:00","2011-11-30 14:40:00"
14655,"1932.23",4,"483.06",8,"35","4","2011-05-01 14:59:00","2011-12-01 16:28:00"
16983,"1931.25",7,"275.89",13,"112","6","2010-12-05 12:34:00","2011-11-27 12:10:00"
14482,"1924.15",6,"320.69",18,"110","4","2011-04-14 16:41:00","2011-11-21 13:14:00"
17422,"1923.21",6,"320.54",16,"92","6","2011-02-16 14:44:00","2011-11-23 13:27:00"
16942,"1920.59",9,"213.40",13,"159","5","2011-04-26 11:59:00","2011-11-27 12:40:00"
15021,"1914.82",9,"212.76",9,"287","8","2010-12-08 12:17:00","2011-12-01 11:53:00"
17368,"1912.67",8,"239.08",23,"93","5","2011-01-06 11:57:00","2011-11-16 15:26:00"
14285,"1910.01",4,"477.50",21,"18","3","2011-06-16 12:36:00","2011-11-18 14:50:00"
16426,"1908.25",10,"190.82",2,"211","5","2011-03-08 15:45:00","2011-12-07 14:01:00"
14226,"1906.59",5,"381.32",29,"62","4","2011-03-15 15:36:00","2011-11-11 11:34:00"
17228,"1906.09",8,"238.26",16,"140","6","2010-12-02 16:00:00","2011-11-24 10:24:00"
16938,"1903.13",4,"475.78",9,"212","3","2011-02-04 09:34:00","2011-12-01 10:20:00"
17463,"1896.41",5,"379.28",16,"162","5","2011-01-30 15:48:00","2011-11-23 13:40:00"
13890,"1883.81",10,"188.38",1,"74","5","2010-12-16 09:31:00","2011-12-08 15:36:00"
16128,"1880.22",5,"376.04",18,"76","4","2011-03-02 12:21:00","2011-11-22 11:14:00"
13630,"1879.14",7,"268.45",5,"51","6","2011-02-27 12:49:00","2011-12-04 15:16:00"
17738,"1879.05",4,"469.76",19,"89","3","2011-03-02 16:26:00","2011-11-20 15:05:00"
13831,"1876.59",6,"312.76",16,"58","5","2010-12-05 12:13:00","2011-11-23 15:41:00"
17293,"1875.11",9,"208.35",8,"93","8","2010-12-13 14:55:00","2011-12-01 14:37:00"
16474,"1871.50",7,"267.36",7,"237","5","2011-07-17 14:51:00","2011-12-02 13:02:00"
17469,"1870.97",5,"374.19",16,"61","5","2011-05-19 08:55:00","2011-11-23 13:15:00"
14524,"1867.68",9,"207.52",32,"161","6","2010-12-14 11:01:00","2011-11-08 12:29:00"
16201,"1863.47",4,"465.87",3,"74","4","2011-08-22 10:47:00","2011-12-06 16:02:00"
12423,"1859.31",8,"232.41",1,"97","8","2010-12-21 10:54:00","2011-12-09 10:10:00"
12963,"1856.63",8,"232.08",8,"75","5","2010-12-09 09:14:00","2011-12-01 12:55:00"
16979,"1852.00",6,"308.67",4,"64","5","2011-02-15 09:20:00","2011-12-06 12:21:00"
12381,"1845.31",5,"369.06",5,"70","4","2011-08-12 09:57:00","2011-12-05 12:44:00"
17519,"1844.02",6,"307.34",17,"60","6","2010-12-06 15:18:00","2011-11-22 16:43:00"
18180,"1843.75",6,"307.29",5,"108","4","2011-07-20 08:59:00","2011-12-05 08:39:00"
17015,"1842.56",3,"614.19",29,"182","3","2011-06-07 13:19:00","2011-11-11 10:45:00"
17086,"1841.28",6,"306.88",7,"76","3","2011-10-07 11:22:00","2011-12-02 13:54:00"
14113,"1840.42",4,"460.11",4,"26","4","2010-12-20 12:14:00","2011-12-06 12:18:00"
14216,"1839.30",4,"459.82",3,"47","2","2011-11-02 10:51:00","2011-12-06 14:56:00"
13924,"1838.85",6,"306.47",2,"90","4","2011-09-28 15:07:00","2011-12-08 09:39:00"
13650,"1836.34",6,"306.06",17,"79","5","2011-03-17 12:37:00","2011-11-23 12:22:00"
13048,"1835.91",4,"458.98",14,"77","4","2011-01-16 14:36:00","2011-11-25 13:23:00"
15203,"1827.80",6,"304.63",26,"82","6","2011-02-01 12:29:00","2011-11-14 08:16:00"
18122,"1826.21",6,"304.37",8,"239","5","2011-07-12 11:37:00","2011-12-01 13:08:00"
17702,"1824.37",4,"456.09",30,"58","4","2011-05-17 16:23:00","2011-11-09 16:03:00"
17705,"1823.52",9,"202.61",3,"63","8","2011-02-11 10:57:00","2011-12-06 13:45:00"
16169,"1822.97",4,"455.74",8,"71","4","2011-09-25 11:33:00","2011-12-01 15:28:00"
17828,"1820.09",4,"455.02",23,"54","3","2011-06-08 08:31:00","2011-11-17 08:41:00"
17629,"1814.12",8,"226.77",6,"106","8","2010-12-15 09:58:00","2011-12-04 10:56:00"
17663,"1802.91",7,"257.56",26,"63","6","2011-02-25 14:11:00","2011-11-14 08:56:00"
13196,"1797.78",4,"449.44",11,"97","3","2011-03-22 14:24:00","2011-11-28 13:54:00"
17750,"1797.57",9,"199.73",5,"101","7","2011-06-28 15:44:00","2011-12-04 14:09:00"
13510,"1791.56",4,"447.89",1,"86","4","2011-06-09 09:32:00","2011-12-08 13:46:00"
16719,"1790.42",7,"255.77",15,"107","7","2010-12-06 12:06:00","2011-11-25 09:27:00"
12523,"1789.77",11,"162.71",19,"84","9","2011-01-12 09:43:00","2011-11-20 12:55:00"
14215,"1789.72",6,"298.29",12,"98","5","2010-12-06 15:34:00","2011-11-28 12:19:00"
14621,"1788.36",5,"357.67",1,"80","5","2010-12-16 13:00:00","2011-12-08 16:22:00"
14608,"1785.15",4,"446.29",4,"8","4","2010-12-12 14:49:00","2011-12-05 16:52:00"
17754,"1772.26",5,"354.45",1,"82","5","2011-03-24 13:54:00","2011-12-09 11:20:00"
15594,"1771.78",5,"354.36",16,"85","3","2011-04-19 10:08:00","2011-11-24 08:53:00"
15473,"1771.20",7,"253.03",14,"4","2","2011-10-10 11:12:00","2011-11-25 15:15:00"
17813,"1770.88",5,"354.18",14,"297","3","2011-09-29 15:57:00","2011-11-25 16:13:00"
13456,"1766.72",6,"294.45",18,"43","5","2011-05-16 15:34:00","2011-11-22 09:18:00"
15950,"1765.51",4,"441.38",32,"86","4","2010-12-15 11:56:00","2011-11-08 11:09:00"
17554,"1753.45",5,"350.69",1,"57","5","2011-07-14 20:01:00","2011-12-08 14:15:00"
13808,"1747.66",5,"349.53",6,"70","3","2011-09-04 12:07:00","2011-12-04 12:18:00"
14533,"1745.72",7,"249.39",25,"51","5","2010-12-22 11:07:00","2011-11-15 12:05:00"
14595,"1740.60",6,"290.10",20,"94","4","2011-01-30 13:36:00","2011-11-20 12:12:00"
14673,"1736.40",5,"347.28",3,"39","3","2010-12-07 12:49:00","2011-12-06 14:31:00"
17043,"1735.18",4,"433.80",32,"100","4","2011-03-18 14:53:00","2011-11-07 15:33:00"
18179,"1732.69",6,"288.78",9,"85","5","2011-01-07 14:22:00","2011-11-30 16:23:00"
18144,"1728.75",11,"157.16",31,"27","9","2010-12-01 13:45:00","2011-11-09 09:22:00"
15270,"1726.69",7,"246.67",16,"22","4","2011-02-02 13:25:00","2011-11-24 09:24:00"
16791,"1721.78",7,"245.97",29,"218","6","2011-01-11 15:42:00","2011-11-10 19:12:00"
17451,"1721.40",7,"245.91",1,"83","5","2011-08-26 11:54:00","2011-12-08 15:02:00"
13590,"1720.32",6,"286.72",11,"68","6","2011-02-09 13:25:00","2011-11-28 12:54:00"
14834,"1720.30",6,"286.72",18,"43","5","2011-04-13 15:00:00","2011-11-22 10:30:00"
17162,"1715.46",10,"171.55",29,"81","6","2011-02-07 12:27:00","2011-11-11 11:34:00"
17147,"1714.59",4,"428.65",23,"68","4","2011-02-01 09:36:00","2011-11-17 12:32:00"
14441,"1712.89",4,"428.22",1,"43","4","2011-03-29 12:01:00","2011-12-09 09:07:00"
18061,"1706.13",10,"170.61",22,"16","10","2010-12-08 13:03:00","2011-11-18 11:20:00"
13824,"1698.94",5,"339.79",33,"34","5","2011-02-02 13:07:00","2011-11-07 12:41:00"
16775,"1695.66",11,"154.15",10,"84","10","2010-12-07 15:15:00","2011-11-29 15:22:00"
15380,"1690.26",5,"338.05",9,"22","5","2010-12-09 15:01:00","2011-12-01 12:13:00"
13577,"1687.60",4,"421.90",25,"61","4","2011-04-12 10:33:00","2011-11-14 15:19:00"
13184,"1681.13",10,"168.11",15,"138","6","2011-02-22 17:25:00","2011-11-25 12:02:00"
16638,"1680.72",10,"168.07",23,"92","7","2010-12-06 10:19:00","2011-11-17 11:09:00"
13647,"1678.12",4,"419.53",10,"65","4","2011-04-19 09:49:00","2011-11-30 12:00:00"
13149,"1676.06",4,"419.01",14,"76","4","2011-02-23 13:57:00","2011-11-25 13:09:00"
16115,"1667.97",8,"208.50",10,"169","8","2011-02-20 12:14:00","2011-11-30 11:32:00"
12912,"1662.30",5,"332.46",3,"17","3","2011-10-30 11:35:00","2011-12-07 08:55:00"
13012,"1661.84",8,"207.73",9,"67","5","2011-02-18 09:43:00","2011-11-30 13:05:00"
15214,"1661.44",8,"207.68",2,"109","6","2011-04-11 09:46:00","2011-12-08 12:07:00"
15024,"1661.33",10,"166.13",10,"105","5","2010-12-07 13:20:00","2011-11-30 12:06:00"
15953,"1659.38",8,"207.42",15,"63","6","2010-12-05 15:15:00","2011-11-24 15:32:00"
16813,"1632.50",10,"163.25",8,"247","7","2011-05-19 13:28:00","2011-12-01 14:03:00"
17673,"1629.12",6,"271.52",2,"118","5","2011-01-23 15:16:00","2011-12-08 12:50:00"
17386,"1626.66",6,"271.11",8,"21","4","2011-06-27 12:11:00","2011-12-02 11:28:00"
16987,"1625.05",7,"232.15",3,"74","4","2011-05-18 15:55:00","2011-12-06 17:26:00"
15172,"1624.05",5,"324.81",9,"106","5","2011-04-17 11:56:00","2011-12-01 11:51:00"
13094,"1622.04",12,"135.17",21,"4","10","2010-12-06 10:34:00","2011-11-18 14:07:00"
17101,"1621.73",4,"405.43",10,"28","3","2011-06-14 14:49:00","2011-11-29 13:57:00"
14178,"1620.93",7,"231.56",9,"191","6","2011-06-10 12:51:00","2011-12-01 12:01:00"
16711,"1620.79",5,"324.16",3,"18","5","2010-12-17 12:43:00","2011-12-06 16:32:00"
18161,"1618.69",5,"323.74",15,"49","5","2011-01-24 11:56:00","2011-11-24 16:40:00"
14336,"1614.91",4,"403.73",17,"77","3","2011-03-08 16:48:00","2011-11-23 11:40:00"
16992,"1614.31",5,"322.86",11,"84","4","2011-02-28 10:37:00","2011-11-29 11:50:00"
13614,"1610.46",4,"402.62",24,"171","4","2011-01-13 12:37:00","2011-11-15 14:47:00"
16817,"1604.75",9,"178.31",3,"73","7","2010-12-06 14:19:00","2011-12-07 11:03:00"
14719,"1602.13",5,"320.43",2,"177","5","2011-04-04 14:17:00","2011-12-08 12:43:00"
14587,"1601.14",9,"177.90",19,"170","7","2011-01-12 13:16:00","2011-11-21 11:34:00"
15660,"1600.86",9,"177.87",25,"55","6","2010-12-09 09:49:00","2011-11-14 16:58:00"
16496,"1599.52",3,"533.17",9,"92","3","2011-01-27 09:42:00","2011-12-01 10:31:00"
16332,"1593.20",7,"227.60",28,"125","6","2011-02-07 14:16:00","2011-11-11 14:22:00"
15611,"1591.45",13,"122.42",10,"23","7","2011-01-09 11:32:00","2011-11-30 12:36:00"
15532,"1580.93",4,"395.23",25,"205","4","2010-12-16 16:45:00","2011-11-14 14:51:00"
13634,"1575.16",5,"315.03",33,"156","5","2011-01-16 15:30:00","2011-11-06 13:40:00"
16283,"1570.81",5,"314.16",6,"117","5","2011-05-15 13:37:00","2011-12-04 12:08:00"
17870,"1567.95",11,"142.54",2,"213","6","2011-07-27 17:01:00","2011-12-07 15:07:00"
15906,"1567.69",7,"223.96",20,"113","5","2011-03-29 13:28:00","2011-11-20 12:24:00"
15267,"1567.60",5,"313.52",22,"8","4","2011-06-10 10:24:00","2011-11-17 15:59:00"
13313,"1555.32",5,"311.06",22,"47","4","2011-01-04 10:00:00","2011-11-17 16:48:00"
16369,"1553.66",3,"517.89",18,"91","3","2011-05-27 09:39:00","2011-11-21 16:25:00"
14704,"1546.91",9,"171.88",11,"288","5","2011-06-12 13:59:00","2011-11-28 12:51:00"
16790,"1545.62",6,"257.60",4,"88","2","2011-11-02 11:23:00","2011-12-06 11:53:00"
15701,"1542.14",4,"385.54",2,"193","4","2011-08-21 12:36:00","2011-12-07 14:39:00"
16365,"1540.42",9,"171.16",18,"45","5","2010-12-07 17:19:00","2011-11-22 11:24:00"
17159,"1538.88",3,"512.96",22,"96","3","2011-06-21 09:49:00","2011-11-18 10:52:00"
12877,"1535.77",12,"127.98",4,"100","11","2010-12-16 12:23:00","2011-12-06 10:30:00"
15392,"1535.53",4,"383.88",5,"74","4","2010-12-14 15:50:00","2011-12-05 11:01:00"
14321,"1530.75",5,"306.15",11,"111","5","2011-01-10 11:35:00","2011-11-29 09:47:00"
15916,"1528.09",8,"191.01",16,"124","6","2010-12-08 13:07:00","2011-11-23 13:46:00"
16434,"1522.25",7,"217.46",29,"88","6","2011-02-13 12:17:00","2011-11-10 14:28:00"
16359,"1521.96",8,"190.24",7,"39","8","2011-01-12 10:49:00","2011-12-02 17:04:00"
16880,"1519.08",7,"217.01",31,"121","5","2011-06-03 16:45:00","2011-11-09 11:33:00"
16748,"1515.90",5,"303.18",18,"42","4","2011-01-09 13:50:00","2011-11-22 10:17:00"
16910,"1510.06",8,"188.76",4,"318","4","2011-09-09 14:14:00","2011-12-05 12:51:00"
16279,"1509.58",3,"503.19",21,"102","3","2011-06-16 11:50:00","2011-11-18 15:00:00"
16016,"1508.76",8,"188.60",3,"156","6","2010-12-08 12:36:00","2011-12-06 14:35:00"
12937,"1504.27",4,"376.07",15,"81","4","2011-03-17 14:19:00","2011-11-24 15:05:00"
15530,"1502.35",4,"375.59",22,"90","4","2011-04-07 11:16:00","2011-11-18 12:25:00"
16762,"1501.38",3,"500.46",20,"51","3","2011-07-18 12:52:00","2011-11-20 11:43:00"
13110,"1488.67",7,"212.67",31,"109","5","2011-02-01 15:24:00","2011-11-08 14:30:00"
14963,"1487.80",5,"297.56",10,"149","3","2011-06-09 12:30:00","2011-11-30 12:16:00"
14878,"1485.54",9,"165.06",13,"62","7","2010-12-16 12:11:00","2011-11-27 11:15:00"
18016,"1483.56",5,"296.71",32,"90","5","2010-12-10 17:14:00","2011-11-07 13:25:00"
17590,"1479.22",3,"493.07",2,"162","3","2011-10-30 14:05:00","2011-12-07 12:55:00"
15983,"1475.02",4,"368.75",22,"82","2","2010-12-01 12:15:00","2011-11-17 17:34:00"
12826,"1474.72",7,"210.67",3,"58","6","2010-12-09 15:21:00","2011-12-07 10:25:00"
16348,"1469.45",7,"209.92",32,"157","5","2011-04-13 15:49:00","2011-11-07 15:44:00"
17063,"1461.14",7,"208.73",21,"66","4","2011-02-23 13:44:00","2011-11-18 16:19:00"
16996,"1456.96",6,"242.83",30,"13","5","2010-12-21 13:22:00","2011-11-09 16:43:00"
13309,"1456.79",5,"291.36",7,"82","5","2011-02-04 12:29:00","2011-12-02 16:34:00"
15426,"1447.39",5,"289.48",19,"217","3","2010-12-05 13:55:00","2011-11-20 15:36:00"
14591,"1447.14",4,"361.79",15,"138","2","2011-05-10 14:09:00","2011-11-24 13:57:00"
17073,"1446.09",4,"361.52",18,"142","4","2011-08-22 14:37:00","2011-11-22 11:47:00"
15858,"1438.85",5,"287.77",16,"145","5","2010-12-07 14:31:00","2011-11-24 12:48:00"
14071,"1438.82",8,"179.85",4,"271","4","2011-03-20 11:33:00","2011-12-06 12:27:00"
13159,"1437.85",4,"359.46",9,"114","3","2011-08-16 11:44:00","2011-12-01 11:20:00"
12657,"1433.18",4,"358.30",11,"34","3","2011-09-22 11:40:00","2011-11-28 15:47:00"
16103,"1429.64",6,"238.27",7,"30","5","2011-04-20 12:28:00","2011-12-02 14:16:00"
16271,"1429.24",5,"285.85",3,"89","5","2010-12-16 16:36:00","2011-12-07 12:45:00"
14035,"1428.02",5,"285.60",29,"41","5","2011-02-15 12:48:00","2011-11-11 10:03:00"
15681,"1426.16",5,"285.23",25,"32","3","2011-03-04 13:46:00","2011-11-14 16:30:00"
15106,"1422.52",5,"284.50",18,"90","5","2011-03-15 12:52:00","2011-11-22 09:16:00"
16463,"1422.40",4,"355.60",21,"74","3","2011-05-19 14:45:00","2011-11-18 14:01:00"
16571,"1421.69",3,"473.90",27,"73","3","2011-03-03 09:41:00","2011-11-13 11:46:00"
14901,"1421.29",9,"157.92",11,"73","4","2010-12-02 11:20:00","2011-11-28 17:09:00"
17288,"1419.73",7,"202.82",9,"118","6","2010-12-16 13:33:00","2011-11-30 16:09:00"
16173,"1418.32",6,"236.39",16,"70","3","2011-09-02 15:23:00","2011-11-24 10:53:00"
16066,"1418.19",5,"283.64",17,"76","3","2011-08-07 14:33:00","2011-11-23 11:54:00"
14748,"1415.75",5,"283.15",29,"87","4","2010-12-06 10:19:00","2011-11-10 18:33:00"
13717,"1414.77",6,"235.80",32,"92","6","2011-02-14 13:21:00","2011-11-07 14:13:00"
16245,"1413.66",3,"471.22",24,"80","3","2011-03-28 09:30:00","2011-11-16 10:14:00"
15237,"1412.32",4,"353.08",2,"94","4","2011-04-26 15:04:00","2011-12-08 09:46:00"
15563,"1400.44",4,"350.11",22,"88","3","2010-12-16 11:27:00","2011-11-17 14:50:00"
13995,"1393.69",5,"278.74",15,"55","5","2011-04-08 08:20:00","2011-11-24 14:22:00"
15898,"1388.88",5,"277.78",1,"70","4","2010-12-06 11:01:00","2011-12-08 15:23:00"
16539,"1388.81",4,"347.20",3,"36","3","2010-12-01 15:40:00","2011-12-07 08:41:00"
15453,"1388.37",7,"198.34",2,"169","6","2011-06-05 12:37:00","2011-12-08 10:59:00"
15134,"1387.99",8,"173.50",15,"44","7","2011-04-13 11:05:00","2011-11-25 08:55:00"
12952,"1387.79",4,"346.95",6,"64","3","2011-09-22 16:37:00","2011-12-04 10:35:00"
17676,"1387.68",6,"231.28",4,"49","4","2010-12-08 13:49:00","2011-12-05 15:16:00"
14649,"1387.05",4,"346.76",5,"148","3","2011-05-11 14:37:00","2011-12-05 12:30:00"
12775,"1386.04",5,"277.21",17,"47","5","2011-02-01 13:45:00","2011-11-22 16:33:00"
18167,"1384.86",3,"461.62",23,"24","2","2011-08-26 11:40:00","2011-11-16 15:56:00"
14507,"1383.18",6,"230.53",24,"79","5","2011-03-08 17:23:00","2011-11-16 12:21:00"
14116,"1382.74",5,"276.55",20,"61","4","2011-08-10 12:44:00","2011-11-20 10:29:00"
16726,"1382.02",5,"276.40",26,"121","4","2010-12-13 13:28:00","2011-11-13 14:53:00"
17621,"1379.90",3,"459.97",21,"24","3","2010-12-20 13:31:00","2011-11-18 17:11:00"
16669,"1374.87",3,"458.29",24,"141","2","2011-09-22 14:13:00","2011-11-16 12:26:00"
14434,"1372.80",6,"228.80",22,"3","3","2011-09-28 15:31:00","2011-11-18 08:56:00"
14897,"1366.38",4,"341.60",8,"43","4","2011-02-16 08:37:00","2011-12-02 10:32:00"
14102,"1360.28",5,"272.06",5,"35","3","2011-10-26 12:46:00","2011-12-04 15:38:00"
15411,"1358.88",4,"339.72",26,"86","4","2011-06-10 12:30:00","2011-11-13 15:19:00"
13232,"1357.60",7,"193.94",13,"147","5","2011-04-10 13:48:00","2011-11-27 10:39:00"
17054,"1356.33",5,"271.27",28,"64","4","2011-04-08 13:14:00","2011-11-11 12:56:00"
14859,"1353.74",4,"338.43",13,"47","3","2011-05-19 14:42:00","2011-11-27 11:18:00"
15116,"1352.75",4,"338.19",18,"37","4","2011-05-19 08:50:00","2011-11-22 12:25:00"
18177,"1341.42",6,"223.57",31,"53","5","2011-03-29 08:46:00","2011-11-08 14:44:00"
17671,"1340.71",4,"335.18",16,"40","4","2010-12-09 14:27:00","2011-11-24 12:21:00"
12919,"1335.19",6,"222.53",8,"34","5","2011-06-23 09:22:00","2011-12-01 13:47:00"
15680,"1333.68",3,"444.56",9,"61","3","2010-12-08 14:43:00","2011-11-30 13:46:00"
17932,"1331.57",3,"443.86",29,"84","3","2011-05-12 13:58:00","2011-11-10 19:49:00"
12676,"1331.39",6,"221.90",25,"33","6","2011-02-01 15:41:00","2011-11-15 12:25:00"
16295,"1328.55",4,"332.14",10,"70","2","2011-10-06 10:45:00","2011-11-30 08:17:00"
17633,"1324.84",4,"331.21",31,"59","3","2011-08-11 15:43:00","2011-11-08 13:25:00"
17095,"1324.16",3,"441.39",23,"69","3","2011-01-09 11:05:00","2011-11-17 12:21:00"
14794,"1319.91",7,"188.56",3,"68","5","2011-01-09 16:11:00","2011-12-07 10:11:00"
14511,"1314.81",5,"262.96",11,"53","4","2011-07-29 12:13:00","2011-11-28 17:05:00"
16464,"1314.68",3,"438.23",20,"152","3","2011-07-20 13:53:00","2011-11-20 12:11:00"
14477,"1309.60",4,"327.40",20,"7","4","2011-02-15 15:44:00","2011-11-20 11:11:00"
14047,"1308.61",5,"261.72",9,"22","5","2010-12-02 10:09:00","2011-12-01 11:43:00"
14741,"1306.74",6,"217.79",12,"34","5","2010-12-02 08:43:00","2011-11-28 08:48:00"
14297,"1305.33",4,"326.33",18,"48","3","2011-03-10 08:31:00","2011-11-22 09:06:00"
16744,"1304.76",7,"186.39",11,"198","5","2011-06-19 15:13:00","2011-11-28 13:06:00"
15602,"1297.87",9,"144.21",8,"30","6","2010-12-06 15:35:00","2011-12-01 14:14:00"
17961,"1296.44",39,"33.24",21,"211","11","2010-12-02 19:18:00","2011-11-18 16:55:00"
16929,"1295.39",7,"185.06",4,"51","5","2011-07-07 12:39:00","2011-12-06 08:37:00"
15621,"1293.03",4,"323.26",4,"11","2","2011-11-18 11:49:00","2011-12-05 14:01:00"
15136,"1286.70",4,"321.68",3,"61","3","2011-09-04 16:05:00","2011-12-07 12:26:00"
16949,"1286.27",6,"214.38",4,"57","6","2011-01-27 12:11:00","2011-12-06 11:07:00"
17350,"1286.07",4,"321.52",8,"66","2","2011-10-19 16:05:00","2011-12-01 15:47:00"
16899,"1281.56",6,"213.59",8,"80","6","2010-12-14 13:11:00","2011-12-02 12:03:00"
17019,"1272.61",4,"318.15",11,"166","4","2010-12-06 12:55:00","2011-11-28 13:06:00"
16660,"1267.65",4,"316.91",16,"16","3","2011-01-24 12:44:00","2011-11-23 14:53:00"
17158,"1266.97",3,"422.32",32,"53","3","2010-12-14 13:03:00","2011-11-07 15:15:00"
16688,"1260.86",4,"315.21",1,"52","3","2011-10-10 12:23:00","2011-12-08 15:24:00"
17412,"1258.06",7,"179.72",3,"48","6","2010-12-02 16:29:00","2011-12-07 11:36:00"
14931,"1257.68",5,"251.54",5,"30","5","2011-04-13 09:32:00","2011-12-05 10:19:00"
16639,"1257.51",3,"419.17",31,"48","3","2011-04-18 09:31:00","2011-11-08 13:20:00"
17481,"1255.59",4,"313.90",4,"69","3","2011-09-07 09:57:00","2011-12-06 12:28:00"
14698,"1250.76",5,"250.15",2,"148","3","2011-10-19 12:54:00","2011-12-08 12:26:00"
12364,"1248.30",4,"312.07",8,"70","4","2011-08-19 15:24:00","2011-12-02 10:22:00"
12494,"1246.10",7,"178.01",16,"63","6","2010-12-09 11:31:00","2011-11-24 09:34:00"
13860,"1245.90",5,"249.18",1,"58","4","2011-09-14 09:27:00","2011-12-08 12:57:00"
14428,"1244.83",5,"248.97",7,"108","5","2011-01-18 16:39:00","2011-12-02 13:17:00"
16531,"1244.59",7,"177.80",22,"68","6","2010-12-14 13:19:00","2011-11-17 16:29:00"
14684,"1236.28",5,"247.26",26,"231","5","2010-12-12 12:44:00","2011-11-14 11:33:00"
15910,"1232.18",8,"154.02",1,"215","8","2011-01-27 11:55:00","2011-12-09 10:51:00"
17857,"1230.56",9,"136.73",4,"6","7","2010-12-09 11:35:00","2011-12-05 13:11:00"
12997,"1226.89",4,"306.72",22,"45","4","2011-01-26 15:49:00","2011-11-17 15:47:00"
16794,"1222.71",10,"122.27",1,"142","7","2011-06-12 14:15:00","2011-12-08 17:54:00"
17410,"1214.72",5,"242.94",16,"57","4","2011-05-08 15:21:00","2011-11-23 15:46:00"
18263,"1213.16",3,"404.39",26,"59","3","2011-04-01 11:48:00","2011-11-14 09:00:00"
12464,"1212.05",8,"151.51",10,"6","5","2011-02-03 13:30:00","2011-11-29 13:33:00"
15737,"1205.12",8,"150.64",15,"60","5","2011-04-11 10:01:00","2011-11-25 11:21:00"
13743,"1202.40",7,"171.77",3,"8","6","2011-03-25 14:46:00","2011-12-07 10:09:00"
15117,"1199.78",5,"239.96",15,"62","4","2011-05-08 12:38:00","2011-11-25 08:12:00"
13118,"1197.81",5,"239.56",20,"68","4","2011-02-24 12:32:00","2011-11-20 12:46:00"
16042,"1197.27",5,"239.45",22,"68","4","2011-01-11 13:25:00","2011-11-17 17:50:00"
14487,"1196.33",6,"199.39",27,"112","4","2010-12-06 13:22:00","2011-11-13 12:17:00"
17720,"1195.94",4,"298.99",26,"39","4","2010-12-07 10:43:00","2011-11-13 15:04:00"
17526,"1195.90",4,"298.98",5,"17","3","2010-12-09 12:20:00","2011-12-05 11:05:00"
15145,"1194.73",4,"298.68",4,"54","3","2011-04-05 15:20:00","2011-12-05 17:21:00"
13882,"1191.13",5,"238.23",3,"54","3","2011-10-06 15:28:00","2011-12-07 11:16:00"
16612,"1187.66",4,"296.92",33,"48","4","2011-02-01 10:38:00","2011-11-07 07:38:00"
14447,"1163.23",5,"232.65",19,"54","4","2011-03-04 10:49:00","2011-11-21 08:28:00"
17348,"1159.52",5,"231.90",15,"180","3","2011-02-15 10:49:00","2011-11-25 11:25:00"
14723,"1158.30",6,"193.05",10,"193","3","2010-12-03 14:18:00","2011-11-29 15:23:00"
16637,"1154.47",4,"288.62",32,"66","4","2011-04-28 10:20:00","2011-11-07 13:17:00"
16062,"1153.62",4,"288.40",10,"50","4","2010-12-10 12:00:00","2011-11-30 12:15:00"
18125,"1142.99",4,"285.75",30,"164","4","2011-01-27 15:02:00","2011-11-10 12:29:00"
17135,"1139.73",7,"162.82",16,"34","4","2010-12-03 09:31:00","2011-11-23 16:48:00"
17500,"1138.00",3,"379.33",17,"3","1","2011-11-10 09:08:00","2011-11-22 14:25:00"
17302,"1135.63",5,"227.13",15,"68","4","2011-02-07 10:14:00","2011-11-25 09:36:00"
13610,"1131.88",7,"161.70",12,"165","7","2011-02-27 14:44:00","2011-11-27 15:38:00"
15500,"1131.56",4,"282.89",8,"64","3","2011-09-19 13:47:00","2011-12-01 13:47:00"
14824,"1127.71",4,"281.93",10,"19","2","2011-09-09 14:12:00","2011-11-29 14:20:00"
14129,"1123.86",5,"224.77",2,"31","4","2011-03-24 08:44:00","2011-12-08 11:02:00"
17562,"1122.38",7,"160.34",14,"48","6","2011-06-19 13:06:00","2011-11-25 14:21:00"
14898,"1122.08",6,"187.01",23,"85","6","2010-12-03 15:25:00","2011-11-16 14:54:00"
13064,"1119.49",4,"279.87",13,"51","4","2011-01-16 13:41:00","2011-11-27 12:31:00"
16350,"1116.47",4,"279.12",21,"40","4","2011-01-10 09:44:00","2011-11-18 15:53:00"
15933,"1107.46",3,"369.15",21,"63","2","2011-09-14 12:05:00","2011-11-18 13:14:00"
16833,"1106.53",4,"276.63",1,"46","3","2011-01-09 13:02:00","2011-12-08 14:39:00"
14948,"1101.97",6,"183.66",23,"56","5","2011-05-04 14:52:00","2011-11-16 17:16:00"
14744,"1099.98",7,"157.14",16,"21","5","2010-12-08 10:21:00","2011-11-23 12:51:00"
13104,"1098.48",6,"183.08",3,"14","6","2010-12-20 11:58:00","2011-12-06 13:10:00"
15987,"1097.94",6,"182.99",12,"110","5","2010-12-06 08:34:00","2011-11-27 15:38:00"
16533,"1095.56",3,"365.19",19,"112","2","2011-10-02 15:07:00","2011-11-20 13:08:00"
15745,"1094.59",4,"273.65",19,"57","3","2011-04-17 13:04:00","2011-11-20 13:45:00"
15608,"1093.68",4,"273.42",28,"59","3","2011-08-11 09:56:00","2011-11-11 13:20:00"
17041,"1081.57",3,"360.52",27,"59","3","2010-12-14 11:43:00","2011-11-13 11:21:00"
16094,"1078.23",4,"269.56",12,"48","2","2011-05-04 13:57:00","2011-11-28 12:45:00"
15712,"1072.36",5,"214.47",9,"41","5","2011-02-25 11:32:00","2011-11-30 14:09:00"
17522,"1070.71",5,"214.14",2,"59","4","2011-05-05 16:31:00","2011-12-08 12:31:00"
15027,"1066.15",4,"266.54",31,"30","4","2011-04-15 14:14:00","2011-11-09 10:16:00"
17287,"1064.11",7,"152.02",26,"88","6","2010-12-02 12:22:00","2011-11-13 13:27:00"
12951,"1064.07",6,"177.35",9,"53","5","2011-01-13 10:33:00","2011-12-01 12:14:00"
12936,"1063.90",4,"265.98",17,"56","2","2011-09-22 13:51:00","2011-11-22 17:32:00"
18130,"1059.39",3,"353.13",15,"58","2","2011-10-13 15:58:00","2011-11-24 14:40:00"
14419,"1058.06",6,"176.34",11,"112","5","2010-12-10 10:56:00","2011-11-29 11:22:00"
14583,"1052.55",5,"210.51",6,"243","4","2011-05-18 11:28:00","2011-12-04 12:32:00"
16416,"1051.40",3,"350.47",27,"59","2","2011-10-14 13:35:00","2011-11-13 12:50:00"
15839,"1048.49",3,"349.50",33,"56","3","2011-07-14 16:35:00","2011-11-06 13:54:00"
13499,"1047.75",5,"209.55",18,"31","4","2011-03-15 08:52:00","2011-11-22 11:21:00"
14293,"1046.56",4,"261.64",3,"51","4","2010-12-06 10:18:00","2011-12-06 15:17:00"
17042,"1044.38",5,"208.88",3,"74","5","2011-04-06 14:53:00","2011-12-07 12:26:00"
14064,"1042.70",5,"208.54",29,"59","4","2011-03-10 12:59:00","2011-11-10 13:14:00"
13719,"1041.68",5,"208.34",15,"56","4","2011-04-19 13:56:00","2011-11-24 15:26:00"
18221,"1041.61",5,"208.32",22,"59","5","2011-05-12 14:13:00","2011-11-17 14:40:00"
15434,"1041.48",5,"208.30",8,"40","4","2011-05-23 14:18:00","2011-12-01 13:33:00"
14446,"1039.58",4,"259.90",1,"233","4","2011-04-07 12:10:00","2011-12-09 11:34:00"
12691,"1035.80",6,"172.63",28,"21","5","2010-12-17 14:46:00","2011-11-11 16:49:00"
12599,"1032.58",7,"147.51",29,"32","6","2011-02-08 13:28:00","2011-11-10 13:34:00"
12724,"1031.41",4,"257.85",5,"47","4","2011-01-11 15:00:00","2011-12-04 16:02:00"
17405,"1031.41",3,"343.80",1,"77","3","2011-07-12 14:17:00","2011-12-08 17:12:00"
13956,"1026.42",5,"205.28",5,"123","5","2011-03-13 12:51:00","2011-12-04 13:20:00"
17096,"1022.13",4,"255.53",15,"46","4","2011-03-23 12:05:00","2011-11-24 15:01:00"
12828,"1018.71",6,"169.79",3,"46","4","2011-08-01 16:16:00","2011-12-07 08:45:00"
14083,"1018.43",9,"113.16",4,"162","6","2010-12-03 12:24:00","2011-12-05 13:14:00"
13429,"1006.80",4,"251.70",11,"55","3","2011-09-25 15:59:00","2011-11-29 09:10:00"
14214,"1004.38",5,"200.88",31,"64","5","2011-03-07 12:26:00","2011-11-09 10:31:00"
13410,"1003.06",5,"200.61",24,"15","5","2011-02-21 14:38:00","2011-11-15 15:33:00"
15110,"996.10",4,"249.03",24,"17","4","2011-01-25 11:41:00","2011-11-16 11:16:00"
16009,"992.71",4,"248.18",22,"68","3","2011-07-03 11:26:00","2011-11-17 16:51:00"
17324,"990.23",4,"247.56",18,"43","3","2010-12-08 12:45:00","2011-11-22 10:34:00"
18237,"987.10",5,"197.42",3,"40","5","2011-07-28 13:05:00","2011-12-07 12:49:00"
13117,"984.91",8,"123.11",22,"66","7","2010-12-02 13:11:00","2011-11-18 12:02:00"
16907,"981.65",5,"196.33",29,"89","5","2010-12-09 16:52:00","2011-11-10 18:04:00"
16085,"981.51",5,"196.30",23,"123","5","2011-01-23 12:07:00","2011-11-16 13:24:00"
18170,"980.31",3,"326.77",33,"29","3","2011-05-06 15:13:00","2011-11-06 14:35:00"
13509,"979.72",7,"139.96",9,"27","6","2011-02-28 13:27:00","2011-12-01 10:10:00"
15132,"977.93",5,"195.59",18,"49","5","2011-03-22 12:02:00","2011-11-21 17:10:00"
14522,"974.54",4,"243.63",24,"15","3","2011-05-25 16:01:00","2011-11-15 13:24:00"
15747,"974.04",3,"324.68",13,"52","3","2011-06-20 11:30:00","2011-11-27 12:26:00"
13155,"971.76",4,"242.94",33,"67","4","2010-12-06 12:44:00","2011-11-06 15:41:00"
17618,"971.58",3,"323.86",6,"56","3","2010-12-12 16:05:00","2011-12-04 11:50:00"
15907,"967.45",3,"322.48",4,"175","3","2011-05-13 13:01:00","2011-12-06 12:21:00"
15793,"965.61",3,"321.87",15,"6","3","2011-03-16 10:45:00","2011-11-25 09:31:00"
13138,"962.39",6,"160.40",22,"31","6","2010-12-02 15:03:00","2011-11-17 16:51:00"
16682,"958.88",5,"191.78",5,"15","5","2011-06-05 11:02:00","2011-12-05 12:13:00"
17097,"954.42",8,"119.30",2,"153","5","2010-12-09 14:55:00","2011-12-07 17:05:00"
16511,"950.26",3,"316.75",22,"135","3","2011-03-18 11:24:00","2011-11-18 10:41:00"
15787,"948.05",3,"316.02",26,"156","2","2011-10-09 13:11:00","2011-11-13 14:55:00"
17289,"944.41",3,"314.80",32,"86","2","2011-06-12 13:51:00","2011-11-08 12:01:00"
16079,"944.00",3,"314.67",17,"18","2","2011-10-30 13:06:00","2011-11-23 12:48:00"
12820,"942.34",4,"235.59",3,"55","4","2011-01-17 12:34:00","2011-12-06 15:12:00"
17227,"939.32",6,"156.55",19,"28","6","2010-12-06 11:16:00","2011-11-21 10:51:00"
16657,"933.62",4,"233.40",10,"158","3","2011-03-30 12:02:00","2011-11-30 11:48:00"
17323,"921.07",7,"131.58",15,"125","6","2011-02-20 14:38:00","2011-11-24 17:29:00"
13549,"918.20",7,"131.17",26,"37","5","2011-04-11 13:42:00","2011-11-14 09:20:00"
15253,"918.20",5,"183.64",16,"52","3","2011-06-23 12:19:00","2011-11-23 16:22:00"
17236,"916.13",6,"152.69",13,"88","6","2010-12-12 11:49:00","2011-11-27 12:00:00"
14141,"915.13",4,"228.78",3,"27","4","2011-08-26 14:40:00","2011-12-07 09:53:00"
16809,"914.69",5,"182.94",23,"79","5","2011-03-22 15:20:00","2011-11-16 15:45:00"
13782,"912.00",6,"152.00",13,"96","5","2011-01-16 11:08:00","2011-11-27 11:54:00"
14289,"911.26",6,"151.88",9,"33","6","2011-02-23 12:33:00","2011-12-01 11:44:00"
18096,"911.15",3,"303.72",12,"157","2","2011-10-07 11:55:00","2011-11-28 12:44:00"
15511,"909.23",5,"181.85",12,"117","3","2011-09-15 15:05:00","2011-11-28 09:43:00"
14449,"907.10",4,"226.78",19,"201","4","2010-12-02 14:09:00","2011-11-21 12:06:00"
15022,"905.04",4,"226.26",12,"96","2","2011-10-23 15:47:00","2011-11-28 12:35:00"
17886,"899.61",3,"299.87",32,"93","3","2011-04-04 12:34:00","2011-11-08 10:09:00"
16361,"896.66",4,"224.17",10,"87","3","2011-09-29 13:13:00","2011-11-30 12:32:00"
14623,"889.25",5,"177.85",32,"108","5","2011-04-18 13:54:00","2011-11-07 13:56:00"
16900,"887.11",3,"295.70",17,"78","2","2011-10-07 13:17:00","2011-11-23 10:32:00"
17109,"885.04",6,"147.51",29,"107","3","2011-04-21 15:46:00","2011-11-10 16:59:00"
18236,"882.24",6,"147.04",30,"42","6","2011-04-13 09:52:00","2011-11-10 08:06:00"
16513,"874.59",4,"218.65",5,"33","3","2011-10-27 14:56:00","2011-12-05 10:18:00"
15208,"870.12",5,"174.02",1,"25","5","2010-12-21 13:03:00","2011-12-08 17:24:00"
13200,"870.09",4,"217.52",19,"42","3","2011-08-05 14:50:00","2011-11-20 15:35:00"
13203,"869.46",4,"217.36",10,"56","4","2011-04-11 14:40:00","2011-11-30 10:45:00"
14715,"867.38",4,"216.85",25,"60","4","2011-01-12 13:27:00","2011-11-15 12:10:00"
12680,"862.81",4,"215.70",1,"33","3","2011-08-18 15:44:00","2011-12-09 12:50:00"
14577,"859.71",4,"214.93",13,"86","4","2010-12-12 11:26:00","2011-11-27 12:47:00"
14553,"859.27",5,"171.85",19,"103","3","2011-01-04 15:40:00","2011-11-20 13:20:00"
13991,"855.97",6,"142.66",12,"58","4","2011-07-19 12:58:00","2011-11-27 16:18:00"
16877,"853.72",6,"142.29",12,"111","4","2011-05-15 16:13:00","2011-11-27 13:47:00"
16020,"851.01",3,"283.67",17,"42","2","2011-10-05 13:54:00","2011-11-23 11:18:00"
14657,"848.22",4,"212.06",18,"103","4","2011-01-17 15:19:00","2011-11-22 12:47:00"
16924,"846.75",3,"282.25",21,"69","3","2011-09-16 12:54:00","2011-11-18 12:53:00"
15965,"845.64",4,"211.41",17,"88","2","2010-12-07 13:18:00","2011-11-22 16:44:00"
17929,"843.00",4,"210.75",11,"4","4","2011-02-04 11:40:00","2011-11-28 16:01:00"
13940,"839.14",4,"209.79",17,"39","4","2011-07-18 16:05:00","2011-11-22 15:15:00"
17115,"837.50",3,"279.17",8,"33","3","2011-04-20 14:46:00","2011-12-01 14:30:00"
17759,"834.99",3,"278.33",17,"82","2","2011-06-23 13:35:00","2011-11-22 16:02:00"
13835,"834.57",4,"208.64",25,"48","4","2011-05-08 15:22:00","2011-11-14 15:37:00"
17075,"834.12",4,"208.53",18,"62","4","2011-01-26 13:20:00","2011-11-22 11:58:00"
15862,"832.88",4,"208.22",8,"142","4","2010-12-01 11:21:00","2011-12-01 13:28:00"
13681,"827.83",4,"206.96",18,"37","3","2011-07-07 15:21:00","2011-11-22 11:13:00"
16869,"825.42",4,"206.35",23,"113","3","2011-06-17 13:01:00","2011-11-17 12:02:00"
16164,"822.48",3,"274.16",17,"27","2","2011-10-28 09:12:00","2011-11-22 15:04:00"
12778,"822.23",6,"137.04",20,"40","5","2011-01-31 14:35:00","2011-11-20 11:30:00"
13026,"816.00",4,"204.00",1,"32","4","2011-03-09 11:35:00","2011-12-08 16:58:00"
16460,"814.72",3,"271.57",28,"128","2","2011-09-19 10:15:00","2011-11-11 13:46:00"
16600,"813.52",6,"135.59",4,"50","5","2011-01-05 12:13:00","2011-12-05 16:00:00"
16891,"809.70",5,"161.94",2,"166","5","2010-12-03 11:35:00","2011-12-08 11:15:00"
17114,"808.62",8,"101.08",6,"85","8","2011-01-09 11:39:00","2011-12-04 12:17:00"
12421,"807.04",4,"201.76",16,"32","4","2011-01-24 15:09:00","2011-11-24 09:07:00"
15561,"800.59",4,"200.15",12,"27","3","2011-05-08 11:38:00","2011-11-28 11:07:00"
16438,"798.35",5,"159.67",6,"74","4","2011-09-18 13:31:00","2011-12-04 10:51:00"
16759,"789.79",3,"263.26",8,"40","2","2011-11-09 09:06:00","2011-12-02 12:42:00"
13323,"787.85",5,"157.57",3,"6","3","2011-09-16 13:23:00","2011-12-06 17:12:00"
13884,"787.60",5,"157.52",7,"45","3","2011-03-01 13:40:00","2011-12-02 16:30:00"
15743,"784.46",4,"196.12",16,"59","3","2011-06-08 10:14:00","2011-11-23 17:19:00"
17006,"781.78",4,"195.45",5,"37","3","2011-09-25 12:15:00","2011-12-05 12:09:00"
15679,"781.28",4,"195.32",24,"98","3","2011-06-10 08:24:00","2011-11-15 16:19:00"
17797,"780.43",3,"260.14",22,"102","2","2011-06-10 11:29:00","2011-11-17 13:21:00"
17411,"778.94",3,"259.65",12,"39","3","2011-03-23 13:44:00","2011-11-27 14:25:00"
15618,"776.85",4,"194.21",33,"39","3","2011-07-26 10:13:00","2011-11-07 08:34:00"
14234,"775.46",4,"193.87",22,"122","2","2011-10-13 13:58:00","2011-11-17 17:53:00"
14662,"771.17",4,"192.79",29,"143","4","2011-01-27 17:41:00","2011-11-11 12:13:00"
17516,"768.08",5,"153.62",15,"113","4","2011-02-27 12:41:00","2011-11-24 16:51:00"
14883,"761.59",6,"126.93",19,"39","5","2011-05-12 09:49:00","2011-11-21 10:23:00"
16205,"761.38",4,"190.34",31,"73","3","2011-06-13 11:33:00","2011-11-09 09:32:00"
17461,"757.46",3,"252.49",23,"104","1","2011-11-10 12:01:00","2011-11-17 10:21:00"
13167,"749.57",4,"187.39",19,"51","4","2011-07-19 12:13:00","2011-11-21 12:24:00"
13623,"747.78",5,"149.56",31,"75","5","2011-02-15 13:08:00","2011-11-09 12:00:00"
16261,"746.83",4,"186.71",17,"98","4","2011-04-07 19:05:00","2011-11-22 17:23:00"
17034,"745.52",3,"248.51",16,"28","3","2011-02-25 10:10:00","2011-11-23 15:14:00"
14790,"745.06",4,"186.27",17,"30","3","2011-03-31 11:49:00","2011-11-23 09:28:00"
13950,"745.06",4,"186.27",11,"33","3","2011-04-07 11:29:00","2011-11-28 14:44:00"
17974,"740.79",3,"246.93",25,"143","3","2011-05-04 11:50:00","2011-11-15 11:37:00"
16362,"734.77",5,"146.95",32,"58","3","2011-09-09 14:47:00","2011-11-07 13:01:00"
17812,"732.16",4,"183.04",13,"113","2","2010-12-06 15:27:00","2011-11-27 11:47:00"
13575,"732.07",5,"146.41",23,"41","5","2011-06-16 14:24:00","2011-11-16 13:14:00"
13077,"729.27",4,"182.32",1,"99","3","2010-12-08 14:59:00","2011-12-08 19:24:00"
15584,"725.11",4,"181.28",24,"89","4","2011-06-30 16:39:00","2011-11-16 10:55:00"
12723,"725.07",5,"145.01",4,"53","3","2011-10-05 15:52:00","2011-12-06 10:19:00"
17521,"723.21",3,"241.07",30,"38","3","2011-05-24 15:14:00","2011-11-10 11:22:00"
17884,"717.45",4,"179.36",4,"107","3","2010-12-03 12:11:00","2011-12-06 11:33:00"
13147,"712.80",4,"178.20",10,"1","3","2011-09-01 12:28:00","2011-11-29 13:59:00"
16015,"705.39",3,"235.13",4,"146","3","2011-10-21 12:56:00","2011-12-06 10:58:00"
12883,"703.47",4,"175.87",25,"39","2","2011-09-11 15:18:00","2011-11-15 09:32:00"
14198,"701.40",4,"175.35",18,"35","4","2011-04-14 14:54:00","2011-11-21 16:35:00"
13238,"700.73",4,"175.18",17,"20","3","2010-12-14 14:37:00","2011-11-22 15:37:00"
14829,"697.55",4,"174.39",29,"39","3","2010-12-02 16:12:00","2011-11-10 16:16:00"
17198,"692.22",3,"230.74",24,"89","2","2010-12-03 14:54:00","2011-11-16 10:39:00"
13838,"691.73",4,"172.93",6,"144","3","2010-12-05 10:45:00","2011-12-04 11:00:00"
17502,"689.10",4,"172.27",9,"25","1","2011-11-10 16:39:00","2011-11-30 13:13:00"
16495,"684.41",3,"228.14",3,"78","2","2011-03-08 16:38:00","2011-12-06 13:20:00"
18135,"681.91",5,"136.38",29,"11","3","2011-06-02 14:04:00","2011-11-10 19:32:00"
17856,"678.83",4,"169.71",2,"11","3","2011-03-03 11:40:00","2011-12-08 09:40:00"
17883,"671.77",4,"167.94",3,"133","4","2011-04-07 19:16:00","2011-12-06 17:49:00"
17299,"669.11",4,"167.28",12,"50","4","2011-06-19 16:04:00","2011-11-28 12:01:00"
14342,"668.56",4,"167.14",21,"18","3","2011-05-13 13:50:00","2011-11-18 13:21:00"
15031,"668.14",4,"167.03",4,"74","4","2011-03-02 14:46:00","2011-12-05 14:19:00"
15969,"666.10",3,"222.03",3,"20","3","2011-06-07 12:19:00","2011-12-07 11:06:00"
17777,"665.86",3,"221.95",25,"141","3","2011-08-31 14:35:00","2011-11-15 12:02:00"
16357,"658.88",3,"219.63",33,"31","3","2011-05-10 10:35:00","2011-11-06 16:04:00"
17779,"658.57",3,"219.52",21,"73","3","2011-07-19 12:19:00","2011-11-18 14:15:00"
16157,"656.69",3,"218.90",16,"12","2","2011-09-28 11:48:00","2011-11-24 11:41:00"
14044,"652.82",4,"163.20",27,"165","4","2011-02-03 11:39:00","2011-11-13 12:05:00"
15571,"650.43",4,"162.61",12,"47","2","2011-09-22 13:15:00","2011-11-28 10:02:00"
16469,"650.43",4,"162.61",24,"148","3","2011-04-07 13:11:00","2011-11-16 12:25:00"
17515,"639.02",4,"159.75",31,"49","4","2011-01-25 14:33:00","2011-11-08 14:04:00"
17867,"635.50",6,"105.92",30,"61","4","2011-02-24 12:25:00","2011-11-09 14:15:00"
16139,"635.41",3,"211.80",19,"25","3","2011-05-17 10:23:00","2011-11-21 08:37:00"
15028,"627.13",4,"156.78",8,"35","3","2010-12-06 12:47:00","2011-12-01 14:06:00"
16915,"621.68",6,"103.61",9,"46","6","2011-03-01 09:52:00","2011-11-30 16:39:00"
16442,"616.79",3,"205.60",2,"161","3","2010-12-14 10:46:00","2011-12-08 11:43:00"
16005,"615.39",4,"153.85",12,"173","3","2011-03-14 11:46:00","2011-11-27 13:47:00"
16566,"614.66",5,"122.93",15,"14","5","2011-02-20 10:29:00","2011-11-24 16:34:00"
14111,"613.65",4,"153.41",14,"9","4","2011-04-12 11:36:00","2011-11-25 13:44:00"
14710,"606.13",4,"151.53",14,"124","2","2011-10-11 13:49:00","2011-11-25 14:53:00"
13558,"605.06",4,"151.26",6,"123","3","2011-10-02 13:01:00","2011-12-04 11:24:00"
12654,"601.98",5,"120.40",11,"31","3","2011-02-17 13:16:00","2011-11-29 10:10:00"
18211,"600.07",5,"120.01",26,"37","5","2011-03-06 12:09:00","2011-11-14 08:10:00"
14467,"598.76",4,"149.69",18,"67","3","2011-01-31 12:35:00","2011-11-22 12:48:00"
16298,"598.20",3,"199.40",23,"22","3","2011-06-06 10:06:00","2011-11-17 11:59:00"
17864,"597.50",3,"199.17",13,"70","3","2011-03-09 11:44:00","2011-11-27 11:15:00"
17014,"586.33",3,"195.44",8,"63","3","2011-10-04 11:36:00","2011-12-01 14:09:00"
17360,"585.79",3,"195.26",17,"113","2","2011-06-08 17:09:00","2011-11-22 13:11:00"
12695,"582.10",4,"145.53",7,"23","4","2011-05-13 13:15:00","2011-12-02 13:22:00"
15550,"575.63",4,"143.91",4,"43","4","2011-02-11 12:49:00","2011-12-05 15:38:00"
18150,"566.58",3,"188.86",32,"29","3","2011-05-22 10:47:00","2011-11-07 16:49:00"
18043,"559.51",3,"186.50",25,"106","3","2010-12-08 12:35:00","2011-11-15 12:48:00"
17295,"556.95",3,"185.65",29,"53","2","2011-10-06 12:22:00","2011-11-11 10:49:00"
14805,"554.65",4,"138.66",15,"30","3","2011-01-30 10:43:00","2011-11-24 16:20:00"
17557,"541.46",3,"180.49",14,"27","3","2011-09-19 14:23:00","2011-11-25 12:57:00"
17345,"537.74",4,"134.43",15,"70","3","2011-05-27 12:26:00","2011-11-24 15:03:00"
16804,"536.99",3,"179.00",23,"59","2","2011-03-14 15:48:00","2011-11-16 16:43:00"
17631,"528.33",3,"176.11",2,"39","3","2011-04-21 13:22:00","2011-12-08 09:47:00"
16892,"525.54",5,"105.11",1,"87","3","2011-06-09 11:35:00","2011-12-08 13:18:00"
14871,"522.38",4,"130.59",3,"68","4","2010-12-14 12:18:00","2011-12-06 13:42:00"
13892,"518.13",4,"129.53",27,"25","3","2011-04-07 12:04:00","2011-11-13 11:50:00"
16898,"508.81",3,"169.60",26,"150","3","2010-12-06 12:23:00","2011-11-13 15:44:00"
14820,"507.29",4,"126.82",21,"24","3","2011-06-19 14:56:00","2011-11-18 15:41:00"
15081,"504.80",5,"100.96",22,"26","5","2010-12-07 16:20:00","2011-11-17 17:08:00"
16989,"503.25",6,"83.88",7,"2","5","2011-07-12 09:11:00","2011-12-02 16:39:00"
13247,"501.12",4,"125.28",18,"18","3","2011-09-18 11:31:00","2011-11-22 10:59:00"
16488,"490.80",3,"163.60",33,"27","3","2011-07-14 11:46:00","2011-11-06 13:42:00"
13984,"488.03",4,"122.01",27,"13","4","2010-12-08 15:58:00","2011-11-13 12:38:00"
16008,"478.78",3,"159.59",24,"29","3","2011-05-19 10:54:00","2011-11-16 10:32:00"
16038,"471.78",3,"157.26",8,"24","3","2011-05-22 11:29:00","2011-12-02 12:40:00"
16885,"471.51",3,"157.17",15,"82","3","2010-12-17 17:23:00","2011-11-24 13:40:00"
13928,"464.57",4,"116.14",11,"23","3","2011-07-29 15:59:00","2011-11-29 10:33:00"
17564,"454.01",3,"151.34",24,"38","3","2011-09-20 14:00:00","2011-11-15 13:27:00"
12970,"452.24",4,"113.06",7,"116","2","2011-01-21 14:04:00","2011-12-02 14:30:00"
14173,"450.84",4,"112.71",11,"28","3","2011-05-04 14:03:00","2011-11-29 11:54:00"
17579,"448.90",3,"149.63",5,"46","3","2011-06-13 14:12:00","2011-12-05 12:28:00"
14910,"434.35",4,"108.59",3,"25","3","2011-10-16 11:06:00","2011-12-07 10:06:00"
17371,"423.89",3,"141.30",17,"83","2","2010-12-13 15:20:00","2011-11-22 13:30:00"
15206,"420.30",4,"105.08",10,"3","4","2011-03-09 08:59:00","2011-11-29 13:41:00"
12993,"414.76",4,"103.69",23,"26","4","2011-02-14 14:29:00","2011-11-16 15:49:00"
18036,"405.62",3,"135.21",32,"77","3","2011-04-08 11:26:00","2011-11-07 14:40:00"
16500,"400.86",6,"66.81",5,"8","3","2011-01-13 10:28:00","2011-12-05 12:04:00"
17830,"398.70",3,"132.90",2,"18","3","2011-02-24 10:15:00","2011-12-08 12:28:00"
17817,"387.68",3,"129.23",4,"32","2","2011-03-07 17:30:00","2011-12-05 14:39:00"
17573,"380.60",3,"126.87",29,"24","2","2011-09-07 10:36:00","2011-11-10 13:01:00"
16930,"380.55",3,"126.85",26,"47","2","2011-10-02 14:25:00","2011-11-13 16:13:00"
17736,"377.44",3,"125.81",9,"24","3","2011-08-18 14:33:00","2011-11-30 15:36:00"
15901,"363.88",3,"121.29",17,"102","3","2011-07-08 12:18:00","2011-11-23 12:43:00"
17835,"350.64",3,"116.88",3,"45","2","2011-11-16 16:30:00","2011-12-07 11:48:00"
18127,"348.73",3,"116.24",19,"41","2","2011-07-29 10:06:00","2011-11-20 14:05:00"
15781,"345.46",3,"115.15",25,"20","3","2011-02-07 09:15:00","2011-11-14 14:57:00"
16851,"342.45",3,"114.15",4,"17","2","2011-10-19 09:48:00","2011-12-05 13:32:00"
16478,"331.00",3,"110.33",25,"15","2","2011-10-05 12:02:00","2011-11-14 15:51:00"
17266,"310.64",3,"103.55",2,"60","2","2011-07-15 11:57:00","2011-12-07 14:12:00"
16668,"306.72",6,"51.12",15,"9","6","2011-02-28 12:46:00","2011-11-24 17:43:00"
18059,"306.46",3,"102.15",23,"17","2","2011-10-03 09:30:00","2011-11-16 16:49:00"
15060,"303.09",4,"75.77",8,"81","2","2011-11-30 14:03:00","2011-12-01 13:47:00"
13277,"258.40",4,"64.60",16,"5","3","2011-07-29 10:06:00","2011-11-24 09:21:00"
16330,"251.91",3,"83.97",18,"39","2","2011-08-19 17:08:00","2011-11-22 12:24:00"
13079,"220.10",5,"44.02",4,"2","4","2011-07-22 14:41:00","2011-12-05 16:53:00"
18273,"204.00",3,"68.00",2,"1","3","2011-03-27 11:22:00","2011-12-07 13:16:00"
17988,"201.12",7,"28.73",12,"37","4","2011-01-17 11:59:00","2011-11-28 11:00:00"
13685,"20.92",4,"5.23",3,"26","2","2011-10-17 10:17:00","2011-12-06 13:45:00"
